Plant Name,UniqueID_Final,ORIS Plant Code,Boiler/Generator/Committed Unit,Unit ID,CAMD Database UnitID,PlantType,Combustion Turbine/IC Engine,Region Name,State Name,State Code,County,County Code,FIPS5,Capacity (MW),Heat Rate (Btu/kWh),On Line Year,Retirement Year,Firing,Bottom,Cogen?,Modeled Fuels,Wet/DryScrubber,Scrubber_Online_Year,Scrubber Efficiency,NOx Comb Control,NOx Post-Comb Control,SCR_Online_Year,SNCR_Online_Year,PM Control,FlueGasConditioning_Flag,Mercury_Controls,ACI_Online_Year,Mercury_Controls Efficiency,SO2 Permit Rate (lbs/mmBtu),Mode 1 NOx Rate (lbs/mmBtu),Mode 2 NOx Rate (lbs/mmBtu),Mode 3 NOx Rate  (lbs/mmBtu),Mode 4 NOx Rate  (lbs/mmBtu),Hg EMF for BIT,Hg EMF for SUB,Hg EMF for LIG,HCL Removal,DSI Unit,DSI Online Year,CCS,CCS Removal,C2G,C2G Online Year,BART Affected Unit,Owner Name,Owner Percent,Holding Company,Holding Company Percent,Regulatory Status,Linked Generator ID_1,Linked Generator ID_2,Linked Generator ID_3,Linked Generator ID_4,Linked Generator ID_5,Linked Generator ID_6
Perry,6020_G_1,6020,G,1,,Nuclear,,PJM_ATSI,Ohio,39,Lake,85,39085,1240.0,10456,1987,2026,,,N,Nuclear Fuel,,,,,,,,,,,,,,0.0,0.0,0.0,0.0,,,,,,,,,,,,Energy Harbor Nuclear Generation LLC,100.0,Energy Harbor Nuclear Generation LLC,100.0,Non-regulated,,,,,,
Eddystone Generating Station,3161_B_3,3161,B,3,2152.0,O/G Steam,,PJM_EMAC,Pennsylvania,42,Delaware,45,42045,380.0,14500,1974,2025,tangential,dry,N,"Natural Gas, Distillate Fuel Oil",,,,OFA,,,,,,,,,1.0,0.06478,0.06478,0.06478,0.06478,,,,,,,,,,,,"Constellation Power, Inc",100.0,"Constellation Power, Inc",100.0,Non-regulated,3,,,,,
Eddystone Generating Station,3161_B_4,3161,B,4,2154.0,O/G Steam,,PJM_EMAC,Pennsylvania,42,Delaware,45,42045,380.0,14500,1976,2025,tangential,dry,N,"Natural Gas, Distillate Fuel Oil",,,,OFA,,,,,,,,,1.0,0.06384,0.06384,0.06384,0.06384,,,,,,,,,,,,"Constellation Power, Inc",100.0,"Constellation Power, Inc",100.0,Non-regulated,4,,,,,
Clevelandcliffs Warren,54207_B_2,54207,B,2,89332.0,Fossil Waste,,PJM_ATSI,Ohio,39,Trumbull,155,39155,7.0,6603,1972,2018,,,Y,Fossil Waste,,,,LA,,,,,,,,,,0.15099,0.15099,0.15099,0.15099,,,,,,,,,,,,Clevelandcliffs Warren,100.0,Clevelandcliffs Warren,100.0,Non-regulated,GEN2,,,,,
Wheelabrator Portsmouth,54998_B_12300,54998,B,12300,,Municipal Solid Waste,,PJM_Dom,Virginia,51,Portsmouth City,740,51740,11.6,20120,1988,2024,,,Y,MSW,Dry Scrubber,1996.0,0.7,OFA,,,,B,,,,,0.06,0.4,0.4,0.4,0.4,0.08,0.08,0.08,,,,,,,,,Wheelabrator Environmental Systems,100.0,Wheelabrator Environmental Systems,100.0,Non-regulated,1410,1430,1420,,,
Wheelabrator Portsmouth,54998_B_12400,54998,B,12400,,Municipal Solid Waste,,PJM_Dom,Virginia,51,Portsmouth City,740,51740,11.6,20120,1988,2024,,,Y,MSW,Dry Scrubber,1995.0,0.7,OFA,,,,B,,,,,0.06,0.4,0.4,0.4,0.4,0.08,0.08,0.08,,,,,,,,,Wheelabrator Environmental Systems,100.0,Wheelabrator Environmental Systems,100.0,Non-regulated,1410,1430,1420,,,
Wheelabrator Portsmouth,54998_B_12500,54998,B,12500,,Municipal Solid Waste,,PJM_Dom,Virginia,51,Portsmouth City,740,51740,11.6,20120,1988,2024,,,Y,MSW,Dry Scrubber,1995.0,0.7,OFA,,,,B,,,,,0.06,0.4,0.4,0.4,0.4,0.08,0.08,0.08,,,,,,,,,Wheelabrator Environmental Systems,100.0,Wheelabrator Environmental Systems,100.0,Non-regulated,1410,1430,1420,,,
Wheelabrator Portsmouth,54998_B_12600,54998,B,12600,,Municipal Solid Waste,,PJM_Dom,Virginia,51,Portsmouth City,740,51740,11.6,20120,1988,2024,,,Y,MSW,Dry Scrubber,1995.0,0.7,OFA,,,,B,,,,,0.06,0.4,0.4,0.4,0.4,0.08,0.08,0.08,,,,,,,,,Wheelabrator Environmental Systems,100.0,Wheelabrator Environmental Systems,100.0,Non-regulated,1410,1430,1420,,,
Brandon Shores,602_B_1,602,B,1,395.0,Coal Steam,,PJM_SMAC,Maryland,24,Anne Arundel,3,24003,635.0,11282,1984,2025,wall,dry,N,Bituminous,Wet Scrubber,2009.0,0.98,AA + LNB + LNBO,SCR,2001.0,,ESPH + B + C,No,ACI,2009.0,0.9,1.2,0.4307,0.06994,0.4307,0.06994,0.05,0.1,0.1,0.99,Yes,2009.0,,,C2G (RFO),2026.0,,Brandon Shores LLC,100.0,Riverstone Holdings LLC,100.0,Non-regulated,1,,,,,
Brandon Shores,602_B_2,602,B,2,396.0,Coal Steam,,PJM_SMAC,Maryland,24,Anne Arundel,3,24003,638.0,11154,1991,2025,wall,dry,N,Bituminous,Wet Scrubber,2010.0,0.98,BF + LNB + LNBO,SCR,2000.0,,ESPH + B + C,No,ACI,2010.0,0.9,1.2,0.2113,0.07415,0.2113,0.07415,0.05,0.1,0.1,0.99,Yes,2010.0,,,C2G (RFO),2026.0,,Brandon Shores LLC,100.0,Brandon Shores LLC,100.0,Non-regulated,2,,,,,
AES Warrior Run Cogeneration Facility,10678_B_BLR1,10678,B,BLR1,3575.0,Coal Steam,,PJM_AP,Maryland,24,Allegany,1,24001,180.0,8909,2000,2024,FBC,dry,Y,"Bituminous, Waste Coal",Reagent Injection,2000.0,0.95,NH3,SNCR,,2000.0,B,,,,,0.42,0.07105,0.07105,0.07105,0.07105,0.01,0.01,0.01,0.98,Yes,2000.0,,,,,,AES WR Ltd Partnership,100.0,AES WR Ltd Partnership,100.0,Non-regulated,GEN1,,,,,
Herbert A Wagner,1554_B_1,1554,B,1,1007.0,O/G Steam,,PJM_SMAC,Maryland,24,Anne Arundel,3,24003,126.0,10859,1956,2025,wall,dry,N,"Natural Gas, Residual Fuel Oil",,,,LNB,SNCR,,,ESPC,No,,,,,0.09203,0.09203,0.09203,0.09203,,,,,,,,,,,,H.A. Wagner LLC,100.0,H.A. Wagner LLC,100.0,Non-regulated,1,,,,,
Herbert A Wagner,1554_B_3,1554,B,3,1009.0,Coal Steam,,PJM_SMAC,Maryland,24,Anne Arundel,3,24003,305.0,10767,1966,2025,wall,dry,N,"Bituminous, Subbituminous",,,,LNBO,SCR,2002.0,,ESPC,No,ACI,2010.0,0.9,1.2,0.3254,0.07951,0.3254,0.07951,0.1,0.1,0.1,0.98,Yes,2016.0,,,C2G (RFO),2024.0,,H.A. Wagner LLC,100.0,H.A. Wagner LLC,100.0,Non-regulated,3,,,,,
Herbert A Wagner,1554_B_4,1554,B,4,1010.0,O/G Steam,,PJM_SMAC,Maryland,24,Anne Arundel,3,24003,397.0,10961,1972,2025,wall,dry,N,Residual Fuel Oil,,,,BOOS + LA + LNB,,,,ESPC,No,,,,0.6,0.23528,0.23528,0.23528,0.23528,,,,,,,,,,,,H.A. Wagner LLC,100.0,H.A. Wagner LLC,100.0,Non-regulated,4,,,,,
Morgantown Generating Plant,1573_G_5,1573,G,5,1071.0,Combustion Turbine,,PJM_SMAC,Maryland,24,Charles,17,24017,54.0,14270,1973,2024,,,N,Distillate Fuel Oil,,,,,,,,,,,,,0.3,0.54205,0.54205,0.54205,0.54205,,,,,,,,,,,,"Morgantown Power, LLC",100.0,"Morgantown Power, LLC",100.0,Non-regulated,,,,,,
Morgantown Generating Plant,1573_G_6,1573,G,6,1072.0,Combustion Turbine,,PJM_SMAC,Maryland,24,Charles,17,24017,54.0,14270,1973,2024,,,N,Distillate Fuel Oil,,,,,,,,,,,,,0.3,0.54197,0.54197,0.54197,0.54197,,,,,,,,,,,,"Morgantown Power, LLC",100.0,"Morgantown Power, LLC",100.0,Non-regulated,,,,,,
Easton,1580_G_8,1580,G,8,,Combustion Turbine,IC Engine,PJM_EMAC,Maryland,24,Talbot,41,24041,2.0,13504,1957,2023,,,N,Distillate Fuel Oil,,,,,,,,,,,,,0.3,2.91268,2.91268,2.91268,2.91268,,,,,,,,,,,,Easton Utilities Comm,100.0,Easton Utilities Comm,100.0,Regulated,,,,,,
Herbert A Wagner,1554_G_GT1,1554,G,GT1,,Combustion Turbine,,PJM_SMAC,Maryland,24,Anne Arundel,3,24003,12.9,13097,1967,2025,,,N,Distillate Fuel Oil,,,,,,,,,,,,,1.053,0.70576,0.70576,0.70576,0.70576,,,,,,,,,,,,H.A. Wagner LLC,100.0,H.A. Wagner LLC,100.0,Non-regulated,,,,,,
Arcanum,2902_G_2,2902,G,2,,Combustion Turbine,IC Engine,PJM_West,Ohio,39,Darke,37,39037,0.6,11444,1946,2022,,,N,Distillate Fuel Oil,,,,,,,,,,,,,0.5,1.64976,1.64976,1.64976,1.64976,,,,,,,,,,,,City of Arcanum - (OH),100.0,City of Arcanum - (OH),100.0,Regulated,,,,,,
Chesapeake,3803_G_GT2,3803,G,GT2,,Combustion Turbine,,PJM_Dom,Virginia,51,Chesapeake City,550,51550,12.0,16260,1969,2019,,,N,Distillate Fuel Oil,,,,,,,,,,,,,2.64,0.18424,0.18424,0.18424,0.18424,,,,,,,,,,,,Virginia Electric & Power Co,100.0,Dominion Energy Inc,100.0,Regulated,,,,,,
Presence Saint Mary of Nazareth Hospital,54886_G_GEN4,54886,G,GEN4,,Combustion Turbine,IC Engine,PJM_COMD,Illinois,17,Cook,31,17031,0.9,13469,1993,2024,,,N,Distillate Fuel Oil,,,,,,,,,,,,,,1.64976,1.64976,1.64976,1.64976,,,,,,,,,,,,Presence Health,100.0,Presence Health,100.0,Non-regulated,,,,,,
Presence Saint Mary of Nazareth Hospital,54886_G_GEN5,54886,G,GEN5,,Combustion Turbine,IC Engine,PJM_COMD,Illinois,17,Cook,31,17031,0.9,13469,1993,2024,,,N,Distillate Fuel Oil,,,,,,,,,,,,,,1.64976,1.64976,1.64976,1.64976,,,,,,,,,,,,Presence Health,100.0,Presence Health,100.0,Non-regulated,,,,,,
INEOS Naperville Cogeneration Plant,50722_G_GEN1,50722,G,GEN1,,Combustion Turbine,,PJM_COMD,Illinois,17,DuPage,43,17043,7.0,8700,1990,2023,,,Y,Natural Gas,,,,,,,,,,,,,1.0,0.16383,0.16383,0.16383,0.16383,,,,,,,,,,,,INEOS US Chemicals Company - Naperville Campus,100.0,INEOS US Chemicals Company - Naperville Campus,100.0,Non-regulated,,,,,,
Parlin Power Plant,50799_G_GEN1,50799,G,GEN1,3696.0,Combined Cycle,,PJM_EMAC,New Jersey,34,Middlesex,23,34023,35.9,10070,1991,2023,,,N,"Natural Gas, Distillate Fuel Oil",,,,STM,SCR,,,,,,,,,0.06723,0.06723,0.06723,0.06723,,,,,,,,,,,,"EFS Parlin Holdings, LLC",100.0,"EFS Parlin Holdings, LLC",100.0,Non-regulated,,,,,,
Parlin Power Plant,50799_G_GEN2,50799,G,GEN2,3697.0,Combined Cycle,,PJM_EMAC,New Jersey,34,Middlesex,23,34023,37.5,10070,1991,2023,,,N,"Natural Gas, Distillate Fuel Oil",,,,STM,SCR,,,,,,,,,0.06723,0.06723,0.06723,0.06723,,,,,,,,,,,,"EFS Parlin Holdings, LLC",100.0,"EFS Parlin Holdings, LLC",100.0,Non-regulated,,,,,,
Parlin Power Plant,50799_G_GEN3,50799,G,GEN3,3696.0,Combined Cycle,,PJM_EMAC,New Jersey,34,Middlesex,23,34023,20.6,10070,1991,2023,,,N,"Natural Gas, Distillate Fuel Oil",,,,STM,SCR,,,,,,,,,0.06723,0.06723,0.06723,0.06723,,,,,,,,,,,,"EFS Parlin Holdings, LLC",100.0,"EFS Parlin Holdings, LLC",100.0,Non-regulated,,,,,,
Parlin Power Plant,50799_G_GEN4,50799,G,GEN4,3696.0,Combined Cycle,,PJM_EMAC,New Jersey,34,Middlesex,23,34023,20.6,10070,1991,2023,,,N,"Natural Gas, Distillate Fuel Oil",,,,STM,SCR,,,,,,,,,0.06723,0.06723,0.06723,0.06723,,,,,,,,,,,,"EFS Parlin Holdings, LLC",100.0,"EFS Parlin Holdings, LLC",100.0,Non-regulated,,,,,,
ITT Cogen Facility,52021_G_GEN1,52021,G,GEN1,,Combustion Turbine,,PJM_COMD,Illinois,17,Cook,31,17031,3.5,12804,1991,2024,,,Y,"Natural Gas, Distillate Fuel Oil",,,,,,,,,,,,,,0.16383,0.16383,0.16383,0.16383,,,,,,,,,,,,"ITT Energy Tech Partners, LLC",100.0,"ITT Energy Tech Partners, LLC",100.0,Non-regulated,,,,,,
ITT Cogen Facility,52021_G_GEN2,52021,G,GEN2,,Combustion Turbine,,PJM_COMD,Illinois,17,Cook,31,17031,3.5,12804,1991,2024,,,Y,"Natural Gas, Distillate Fuel Oil",,,,,,,,,,,,,,0.16383,0.16383,0.16383,0.16383,,,,,,,,,,,,"ITT Energy Tech Partners, LLC",100.0,"ITT Energy Tech Partners, LLC",100.0,Non-regulated,,,,,,
Boydton Plank Road Cogen Plant Hybrid,54766_G_GEN1,54766,G,GEN1,,Combustion Turbine,IC Engine,PJM_Dom,Virginia,51,Dinwiddie,53,51053,0.3,11849,1993,2023,,,N,"Natural Gas, Distillate Fuel Oil",,,,,,,,,,,,,2.64,1.64976,1.64976,1.64976,1.64976,,,,,,,,,,,,Dinwiddie Power Inc,100.0,INGENCO,100.0,Non-regulated,,,,,,
Boydton Plank Road Cogen Plant Hybrid,54766_G_GEN10,54766,G,GEN10,,Combustion Turbine,IC Engine,PJM_Dom,Virginia,51,Dinwiddie,53,51053,0.3,11084,1993,2023,,,N,"Natural Gas, Distillate Fuel Oil",,,,,,,,,,,,,,1.64976,1.64976,1.64976,1.64976,,,,,,,,,,,,Dinwiddie Power Inc,100.0,INGENCO,100.0,Non-regulated,,,,,,
Boydton Plank Road Cogen Plant Hybrid,54766_G_GEN11,54766,G,GEN11,,Combustion Turbine,IC Engine,PJM_Dom,Virginia,51,Dinwiddie,53,51053,0.3,11084,2000,2023,,,N,"Natural Gas, Distillate Fuel Oil",,,,,,,,,,,,,,1.64976,1.64976,1.64976,1.64976,,,,,,,,,,,,Dinwiddie Power Inc,100.0,INGENCO,100.0,Non-regulated,,,,,,
Boydton Plank Road Cogen Plant Hybrid,54766_G_GEN12,54766,G,GEN12,,Combustion Turbine,IC Engine,PJM_Dom,Virginia,51,Dinwiddie,53,51053,0.3,11084,2000,2023,,,N,"Natural Gas, Distillate Fuel Oil",,,,,,,,,,,,,,1.64976,1.64976,1.64976,1.64976,,,,,,,,,,,,Dinwiddie Power Inc,100.0,INGENCO,100.0,Non-regulated,,,,,,
Boydton Plank Road Cogen Plant Hybrid,54766_G_GEN13,54766,G,GEN13,,Combustion Turbine,IC Engine,PJM_Dom,Virginia,51,Dinwiddie,53,51053,0.3,11084,2000,2023,,,N,"Natural Gas, Distillate Fuel Oil",,,,,,,,,,,,,,1.64976,1.64976,1.64976,1.64976,,,,,,,,,,,,Dinwiddie Power Inc,100.0,INGENCO,100.0,Non-regulated,,,,,,
Boydton Plank Road Cogen Plant Hybrid,54766_G_GEN14,54766,G,GEN14,,Combustion Turbine,IC Engine,PJM_Dom,Virginia,51,Dinwiddie,53,51053,0.3,11084,2000,2023,,,N,"Natural Gas, Distillate Fuel Oil",,,,,,,,,,,,,,1.64976,1.64976,1.64976,1.64976,,,,,,,,,,,,Dinwiddie Power Inc,100.0,INGENCO,100.0,Non-regulated,,,,,,
Boydton Plank Road Cogen Plant Hybrid,54766_G_GEN15,54766,G,GEN15,,Combustion Turbine,IC Engine,PJM_Dom,Virginia,51,Dinwiddie,53,51053,0.3,11084,2000,2023,,,N,"Natural Gas, Distillate Fuel Oil",,,,,,,,,,,,,,1.64976,1.64976,1.64976,1.64976,,,,,,,,,,,,Dinwiddie Power Inc,100.0,INGENCO,100.0,Non-regulated,,,,,,
Boydton Plank Road Cogen Plant Hybrid,54766_G_GEN16,54766,G,GEN16,,Combustion Turbine,IC Engine,PJM_Dom,Virginia,51,Dinwiddie,53,51053,0.3,11084,2000,2023,,,N,"Natural Gas, Distillate Fuel Oil",,,,,,,,,,,,,,1.64976,1.64976,1.64976,1.64976,,,,,,,,,,,,Dinwiddie Power Inc,100.0,INGENCO,100.0,Non-regulated,,,,,,
Boydton Plank Road Cogen Plant Hybrid,54766_G_GEN17,54766,G,GEN17,,Combustion Turbine,IC Engine,PJM_Dom,Virginia,51,Dinwiddie,53,51053,0.3,11084,2000,2023,,,N,"Natural Gas, Distillate Fuel Oil",,,,,,,,,,,,,,1.64976,1.64976,1.64976,1.64976,,,,,,,,,,,,Dinwiddie Power Inc,100.0,INGENCO,100.0,Non-regulated,,,,,,
Boydton Plank Road Cogen Plant Hybrid,54766_G_GEN18,54766,G,GEN18,,Combustion Turbine,IC Engine,PJM_Dom,Virginia,51,Dinwiddie,53,51053,0.3,11084,2000,2023,,,N,"Natural Gas, Distillate Fuel Oil",,,,,,,,,,,,,,1.64976,1.64976,1.64976,1.64976,,,,,,,,,,,,Dinwiddie Power Inc,100.0,INGENCO,100.0,Non-regulated,,,,,,
Boydton Plank Road Cogen Plant Hybrid,54766_G_GEN19,54766,G,GEN19,,Combustion Turbine,IC Engine,PJM_Dom,Virginia,51,Dinwiddie,53,51053,0.3,11084,2000,2023,,,N,"Natural Gas, Distillate Fuel Oil",,,,,,,,,,,,,,1.64976,1.64976,1.64976,1.64976,,,,,,,,,,,,Dinwiddie Power Inc,100.0,INGENCO,100.0,Non-regulated,,,,,,
Boydton Plank Road Cogen Plant Hybrid,54766_G_GEN2,54766,G,GEN2,,Combustion Turbine,IC Engine,PJM_Dom,Virginia,51,Dinwiddie,53,51053,0.3,11084,1993,2023,,,N,"Natural Gas, Distillate Fuel Oil",,,,,,,,,,,,,,1.64976,1.64976,1.64976,1.64976,,,,,,,,,,,,Dinwiddie Power Inc,100.0,INGENCO,100.0,Non-regulated,,,,,,
Boydton Plank Road Cogen Plant Hybrid,54766_G_GEN20,54766,G,GEN20,,Combustion Turbine,IC Engine,PJM_Dom,Virginia,51,Dinwiddie,53,51053,0.3,11084,2000,2023,,,N,"Natural Gas, Distillate Fuel Oil",,,,,,,,,,,,,,1.64976,1.64976,1.64976,1.64976,,,,,,,,,,,,Dinwiddie Power Inc,100.0,INGENCO,100.0,Non-regulated,,,,,,
Boydton Plank Road Cogen Plant Hybrid,54766_G_GEN21,54766,G,GEN21,,Combustion Turbine,IC Engine,PJM_Dom,Virginia,51,Dinwiddie,53,51053,0.3,11084,2000,2023,,,N,"Natural Gas, Distillate Fuel Oil",,,,,,,,,,,,,,1.64976,1.64976,1.64976,1.64976,,,,,,,,,,,,Dinwiddie Power Inc,100.0,INGENCO,100.0,Non-regulated,,,,,,
Boydton Plank Road Cogen Plant Hybrid,54766_G_GEN22,54766,G,GEN22,,Combustion Turbine,IC Engine,PJM_Dom,Virginia,51,Dinwiddie,53,51053,0.3,11084,2000,2023,,,N,"Natural Gas, Distillate Fuel Oil",,,,,,,,,,,,,,1.64976,1.64976,1.64976,1.64976,,,,,,,,,,,,Dinwiddie Power Inc,100.0,INGENCO,100.0,Non-regulated,,,,,,
Boydton Plank Road Cogen Plant Hybrid,54766_G_GEN23,54766,G,GEN23,,Combustion Turbine,IC Engine,PJM_Dom,Virginia,51,Dinwiddie,53,51053,0.3,11084,2000,2023,,,N,"Natural Gas, Distillate Fuel Oil",,,,,,,,,,,,,,1.64976,1.64976,1.64976,1.64976,,,,,,,,,,,,Dinwiddie Power Inc,100.0,INGENCO,100.0,Non-regulated,,,,,,
Boydton Plank Road Cogen Plant Hybrid,54766_G_GEN24,54766,G,GEN24,,Combustion Turbine,IC Engine,PJM_Dom,Virginia,51,Dinwiddie,53,51053,0.3,11084,2000,2023,,,N,"Natural Gas, Distillate Fuel Oil",,,,,,,,,,,,,,1.64976,1.64976,1.64976,1.64976,,,,,,,,,,,,Dinwiddie Power Inc,100.0,INGENCO,100.0,Non-regulated,,,,,,
Boydton Plank Road Cogen Plant Hybrid,54766_G_GEN25,54766,G,GEN25,,Combustion Turbine,IC Engine,PJM_Dom,Virginia,51,Dinwiddie,53,51053,0.3,11084,2000,2023,,,N,"Natural Gas, Distillate Fuel Oil",,,,,,,,,,,,,,1.64976,1.64976,1.64976,1.64976,,,,,,,,,,,,Dinwiddie Power Inc,100.0,INGENCO,100.0,Non-regulated,,,,,,
Boydton Plank Road Cogen Plant Hybrid,54766_G_GEN26,54766,G,GEN26,,Combustion Turbine,IC Engine,PJM_Dom,Virginia,51,Dinwiddie,53,51053,0.3,11084,2000,2023,,,N,"Natural Gas, Distillate Fuel Oil",,,,,,,,,,,,,,1.64976,1.64976,1.64976,1.64976,,,,,,,,,,,,Dinwiddie Power Inc,100.0,INGENCO,100.0,Non-regulated,,,,,,
Boydton Plank Road Cogen Plant Hybrid,54766_G_GEN27,54766,G,GEN27,,Combustion Turbine,IC Engine,PJM_Dom,Virginia,51,Dinwiddie,53,51053,0.3,11084,2000,2023,,,N,"Natural Gas, Distillate Fuel Oil",,,,,,,,,,,,,,1.64976,1.64976,1.64976,1.64976,,,,,,,,,,,,Dinwiddie Power Inc,100.0,INGENCO,100.0,Non-regulated,,,,,,
Boydton Plank Road Cogen Plant Hybrid,54766_G_GEN28,54766,G,GEN28,,Combustion Turbine,IC Engine,PJM_Dom,Virginia,51,Dinwiddie,53,51053,0.3,11084,2000,2023,,,N,"Natural Gas, Distillate Fuel Oil",,,,,,,,,,,,,,1.64976,1.64976,1.64976,1.64976,,,,,,,,,,,,Dinwiddie Power Inc,100.0,INGENCO,100.0,Non-regulated,,,,,,
Boydton Plank Road Cogen Plant Hybrid,54766_G_GEN29,54766,G,GEN29,,Combustion Turbine,IC Engine,PJM_Dom,Virginia,51,Dinwiddie,53,51053,0.3,11084,2000,2023,,,N,"Natural Gas, Distillate Fuel Oil",,,,,,,,,,,,,,1.64976,1.64976,1.64976,1.64976,,,,,,,,,,,,Dinwiddie Power Inc,100.0,INGENCO,100.0,Non-regulated,,,,,,
Boydton Plank Road Cogen Plant Hybrid,54766_G_GEN3,54766,G,GEN3,,Combustion Turbine,IC Engine,PJM_Dom,Virginia,51,Dinwiddie,53,51053,0.3,11084,1993,2023,,,N,"Natural Gas, Distillate Fuel Oil",,,,,,,,,,,,,,1.64976,1.64976,1.64976,1.64976,,,,,,,,,,,,Dinwiddie Power Inc,100.0,INGENCO,100.0,Non-regulated,,,,,,
Boydton Plank Road Cogen Plant Hybrid,54766_G_GEN30,54766,G,GEN30,,Combustion Turbine,IC Engine,PJM_Dom,Virginia,51,Dinwiddie,53,51053,0.3,11084,2000,2023,,,N,"Natural Gas, Distillate Fuel Oil",,,,,,,,,,,,,,1.64976,1.64976,1.64976,1.64976,,,,,,,,,,,,Dinwiddie Power Inc,100.0,INGENCO,100.0,Non-regulated,,,,,,
Boydton Plank Road Cogen Plant Hybrid,54766_G_GEN31,54766,G,GEN31,,Combustion Turbine,IC Engine,PJM_Dom,Virginia,51,Dinwiddie,53,51053,0.3,11084,2000,2023,,,N,"Natural Gas, Distillate Fuel Oil",,,,,,,,,,,,,,1.64976,1.64976,1.64976,1.64976,,,,,,,,,,,,Dinwiddie Power Inc,100.0,INGENCO,100.0,Non-regulated,,,,,,
Boydton Plank Road Cogen Plant Hybrid,54766_G_GEN32,54766,G,GEN32,,Combustion Turbine,IC Engine,PJM_Dom,Virginia,51,Dinwiddie,53,51053,0.3,11084,2000,2023,,,N,"Natural Gas, Distillate Fuel Oil",,,,,,,,,,,,,,1.64976,1.64976,1.64976,1.64976,,,,,,,,,,,,Dinwiddie Power Inc,100.0,INGENCO,100.0,Non-regulated,,,,,,
Boydton Plank Road Cogen Plant Hybrid,54766_G_GEN33,54766,G,GEN33,,Combustion Turbine,IC Engine,PJM_Dom,Virginia,51,Dinwiddie,53,51053,0.3,11084,2000,2023,,,N,"Natural Gas, Distillate Fuel Oil",,,,,,,,,,,,,,1.64976,1.64976,1.64976,1.64976,,,,,,,,,,,,Dinwiddie Power Inc,100.0,INGENCO,100.0,Non-regulated,,,,,,
Boydton Plank Road Cogen Plant Hybrid,54766_G_GEN34,54766,G,GEN34,,Combustion Turbine,IC Engine,PJM_Dom,Virginia,51,Dinwiddie,53,51053,0.3,11084,2000,2023,,,N,"Natural Gas, Distillate Fuel Oil",,,,,,,,,,,,,,1.64976,1.64976,1.64976,1.64976,,,,,,,,,,,,Dinwiddie Power Inc,100.0,INGENCO,100.0,Non-regulated,,,,,,
Boydton Plank Road Cogen Plant Hybrid,54766_G_GEN4,54766,G,GEN4,,Combustion Turbine,IC Engine,PJM_Dom,Virginia,51,Dinwiddie,53,51053,0.3,11084,1993,2023,,,N,"Natural Gas, Distillate Fuel Oil",,,,,,,,,,,,,,1.64976,1.64976,1.64976,1.64976,,,,,,,,,,,,Dinwiddie Power Inc,100.0,INGENCO,100.0,Non-regulated,,,,,,
Boydton Plank Road Cogen Plant Hybrid,54766_G_GEN5,54766,G,GEN5,,Combustion Turbine,IC Engine,PJM_Dom,Virginia,51,Dinwiddie,53,51053,0.3,11084,1993,2023,,,N,"Natural Gas, Distillate Fuel Oil",,,,,,,,,,,,,,1.64976,1.64976,1.64976,1.64976,,,,,,,,,,,,Dinwiddie Power Inc,100.0,INGENCO,100.0,Non-regulated,,,,,,
Boydton Plank Road Cogen Plant Hybrid,54766_G_GEN6,54766,G,GEN6,,Combustion Turbine,IC Engine,PJM_Dom,Virginia,51,Dinwiddie,53,51053,0.3,11084,1993,2023,,,N,"Natural Gas, Distillate Fuel Oil",,,,,,,,,,,,,,1.64976,1.64976,1.64976,1.64976,,,,,,,,,,,,Dinwiddie Power Inc,100.0,INGENCO,100.0,Non-regulated,,,,,,
Boydton Plank Road Cogen Plant Hybrid,54766_G_GEN7,54766,G,GEN7,,Combustion Turbine,IC Engine,PJM_Dom,Virginia,51,Dinwiddie,53,51053,0.3,11084,1993,2023,,,N,"Natural Gas, Distillate Fuel Oil",,,,,,,,,,,,,,1.64976,1.64976,1.64976,1.64976,,,,,,,,,,,,Dinwiddie Power Inc,100.0,INGENCO,100.0,Non-regulated,,,,,,
Boydton Plank Road Cogen Plant Hybrid,54766_G_GEN8,54766,G,GEN8,,Combustion Turbine,IC Engine,PJM_Dom,Virginia,51,Dinwiddie,53,51053,0.3,11084,1993,2023,,,N,"Natural Gas, Distillate Fuel Oil",,,,,,,,,,,,,,1.64976,1.64976,1.64976,1.64976,,,,,,,,,,,,Dinwiddie Power Inc,100.0,INGENCO,100.0,Non-regulated,,,,,,
Boydton Plank Road Cogen Plant Hybrid,54766_G_GEN9,54766,G,GEN9,,Combustion Turbine,IC Engine,PJM_Dom,Virginia,51,Dinwiddie,53,51053,0.3,11084,1993,2023,,,N,"Natural Gas, Distillate Fuel Oil",,,,,,,,,,,,,,1.64976,1.64976,1.64976,1.64976,,,,,,,,,,,,Dinwiddie Power Inc,100.0,INGENCO,100.0,Non-regulated,,,,,,
MM Prince William Energy,55156_G_UNT1,55156,G,UNT1,,Landfill Gas,,PJM_Dom,Virginia,51,Prince William,153,51153,0.9,13500,1998,2023,,,N,Landfill Gas,,,,,,,,,,,,,,0.6,0.6,0.6,0.6,,,,,,,,,,,,MM Prince William Energy LLC,100.0,FORTISTAR,100.0,Non-regulated,,,,,,
MM Prince William Energy,55156_G_UNT2,55156,G,UNT2,,Landfill Gas,,PJM_Dom,Virginia,51,Prince William,153,51153,0.9,13500,1998,2023,,,N,Landfill Gas,,,,,,,,,,,,,,0.6,0.6,0.6,0.6,,,,,,,,,,,,MM Prince William Energy LLC,100.0,FORTISTAR,100.0,Non-regulated,,,,,,
MM Prince William Energy,55156_G_UNT3,55156,G,UNT3,,Landfill Gas,,PJM_Dom,Virginia,51,Prince William,153,51153,1.6,13500,2013,2023,,,N,Landfill Gas,,,,,,,,,,,,,,0.58809,0.58809,0.58809,0.58809,,,,,,,,,,,,MM Prince William Energy LLC,100.0,FORTISTAR,100.0,Non-regulated,,,,,,
MM Prince William Energy,55156_G_UNT4,55156,G,UNT4,,Landfill Gas,,PJM_Dom,Virginia,51,Prince William,153,51153,1.6,13500,2013,2023,,,N,Landfill Gas,,,,,,,,,,,,,,0.58809,0.58809,0.58809,0.58809,,,,,,,,,,,,MM Prince William Energy LLC,100.0,FORTISTAR,100.0,Non-regulated,,,,,,
MM Prince William Energy,55156_G_UNT5,55156,G,UNT5,,Landfill Gas,,PJM_Dom,Virginia,51,Prince William,153,51153,1.6,13500,2013,2023,,,N,Landfill Gas,,,,,,,,,,,,,,0.58809,0.58809,0.58809,0.58809,,,,,,,,,,,,MM Prince William Energy LLC,100.0,FORTISTAR,100.0,Non-regulated,,,,,,
Elwood Energy LLC,55199_G_GT1,55199,G,GT1,4110.0,Combustion Turbine,,PJM_COMD,Illinois,17,Will,197,17197,150.0,11361,1999,2025,,,N,Natural Gas,,,,DLNB,,,,,,,,,1.0,0.05258,0.05258,0.05258,0.05258,,,,,,,,,,,,J Power USA Development Co Ltd,100.0,J Power USA Development Co Ltd,100.0,Non-regulated,,,,,,
Elwood Energy LLC,55199_G_GT2,55199,G,GT2,4116.0,Combustion Turbine,,PJM_COMD,Illinois,17,Will,197,17197,150.0,11361,1999,2025,,,N,Natural Gas,,,,DLNB,,,,,,,,,1.0,0.04936,0.04936,0.04936,0.04936,,,,,,,,,,,,J Power USA Development Co Ltd,100.0,J Power USA Development Co Ltd,100.0,Non-regulated,,,,,,
Elwood Energy LLC,55199_G_GT3,55199,G,GT3,4117.0,Combustion Turbine,,PJM_COMD,Illinois,17,Will,197,17197,150.0,11361,1999,2025,,,N,Natural Gas,,,,DLNB,,,,,,,,,1.0,0.05352,0.05352,0.05352,0.05352,,,,,,,,,,,,J Power USA Development Co Ltd,100.0,J Power USA Development Co Ltd,100.0,Non-regulated,,,,,,
Elwood Energy LLC,55199_G_GT4,55199,G,GT4,4118.0,Combustion Turbine,,PJM_COMD,Illinois,17,Will,197,17197,150.0,11361,1999,2025,,,N,Natural Gas,,,,DLNB,,,,,,,,,1.0,0.04293,0.04293,0.04293,0.04293,,,,,,,,,,,,J Power USA Development Co Ltd,100.0,J Power USA Development Co Ltd,100.0,Non-regulated,,,,,,
Elwood Energy LLC,55199_G_GT5,55199,G,GT5,4119.0,Combustion Turbine,,PJM_COMD,Illinois,17,Will,197,17197,150.0,11361,2001,2025,,,N,Natural Gas,,,,DLNB,,,,,,,,,1.0,0.03907,0.03907,0.03907,0.03907,,,,,,,,,,,,J Power USA Development Co Ltd,100.0,J Power USA Development Co Ltd,100.0,Non-regulated,,,,,,
Elwood Energy LLC,55199_G_GT6,55199,G,GT6,4120.0,Combustion Turbine,,PJM_COMD,Illinois,17,Will,197,17197,150.0,11361,2001,2025,,,N,Natural Gas,,,,DLNB,,,,,,,,,1.0,0.03684,0.03684,0.03684,0.03684,,,,,,,,,,,,J Power USA Development Co Ltd,100.0,J Power USA Development Co Ltd,100.0,Non-regulated,,,,,,
Elwood Energy LLC,55199_G_GT7,55199,G,GT7,4121.0,Combustion Turbine,,PJM_COMD,Illinois,17,Will,197,17197,150.0,11361,2001,2025,,,N,Natural Gas,,,,DLNB,,,,,,,,,1.0,0.03902,0.03902,0.03902,0.03902,,,,,,,,,,,,J Power USA Development Co Ltd,100.0,J Power USA Development Co Ltd,100.0,Non-regulated,,,,,,
Elwood Energy LLC,55199_G_GT8,55199,G,GT8,4122.0,Combustion Turbine,,PJM_COMD,Illinois,17,Will,197,17197,150.0,11361,2001,2025,,,N,Natural Gas,,,,DLNB,,,,,,,,,1.0,0.03672,0.03672,0.03672,0.03672,,,,,,,,,,,,J Power USA Development Co Ltd,100.0,J Power USA Development Co Ltd,100.0,Non-regulated,,,,,,
Elwood Energy LLC,55199_G_GT9,55199,G,GT9,4123.0,Combustion Turbine,,PJM_COMD,Illinois,17,Will,197,17197,150.0,11361,2001,2025,,,N,Natural Gas,,,,DLNB,,,,,,,,,1.0,0.03762,0.03762,0.03762,0.03762,,,,,,,,,,,,J Power USA Development Co Ltd,100.0,J Power USA Development Co Ltd,100.0,Non-regulated,,,,,,
Southeast Chicago Energy Project,55281_G_GT05,55281,G,GT05,8494.0,Combustion Turbine,,PJM_COMD,Illinois,17,Cook,31,17031,37.0,12452,2002,2024,,,N,Natural Gas,,,,DLNB,,,,,,,,,1.0,0.14116,0.14116,0.14116,0.14116,,,,,,,,,,,,"Constellation Power, Inc",100.0,"Constellation Power, Inc",100.0,Non-regulated,,,,,,
Southeast Chicago Energy Project,55281_G_GT06,55281,G,GT06,8496.0,Combustion Turbine,,PJM_COMD,Illinois,17,Cook,31,17031,37.0,12454,2002,2024,,,N,Natural Gas,,,,DLNB,,,,,,,,,1.0,0.17043,0.17043,0.17043,0.17043,,,,,,,,,,,,"Constellation Power, Inc",100.0,"Constellation Power, Inc",100.0,Non-regulated,,,,,,
Southeast Chicago Energy Project,55281_G_GT07,55281,G,GT07,8498.0,Combustion Turbine,,PJM_COMD,Illinois,17,Cook,31,17031,37.0,12454,2002,2024,,,N,Natural Gas,,,,DLNB,,,,,,,,,1.0,0.13912,0.13912,0.13912,0.13912,,,,,,,,,,,,"Constellation Power, Inc",100.0,"Constellation Power, Inc",100.0,Non-regulated,,,,,,
Southeast Chicago Energy Project,55281_G_GT08,55281,G,GT08,8500.0,Combustion Turbine,,PJM_COMD,Illinois,17,Cook,31,17031,37.0,12454,2002,2024,,,N,Natural Gas,,,,DLNB,,,,,,,,,1.0,0.15506,0.15506,0.15506,0.15506,,,,,,,,,,,,"Constellation Power, Inc",100.0,"Constellation Power, Inc",100.0,Non-regulated,,,,,,
Southeast Chicago Energy Project,55281_G_GT09,55281,G,GT09,8502.0,Combustion Turbine,,PJM_COMD,Illinois,17,Cook,31,17031,37.0,12454,2002,2024,,,N,Natural Gas,,,,DLNB,,,,,,,,,1.0,0.14257,0.14257,0.14257,0.14257,,,,,,,,,,,,"Constellation Power, Inc",100.0,"Constellation Power, Inc",100.0,Non-regulated,,,,,,
Southeast Chicago Energy Project,55281_G_GT10,55281,G,GT10,8488.0,Combustion Turbine,,PJM_COMD,Illinois,17,Cook,31,17031,37.0,12454,2002,2024,,,N,Natural Gas,,,,DLNB,,,,,,,,,1.0,0.14511,0.14511,0.14511,0.14511,,,,,,,,,,,,"Constellation Power, Inc",100.0,"Constellation Power, Inc",100.0,Non-regulated,,,,,,
Southeast Chicago Energy Project,55281_G_GT11,55281,G,GT11,8490.0,Combustion Turbine,,PJM_COMD,Illinois,17,Cook,31,17031,37.0,12454,2002,2024,,,N,Natural Gas,,,,DLNB,,,,,,,,,1.0,0.15025,0.15025,0.15025,0.15025,,,,,,,,,,,,"Constellation Power, Inc",100.0,"Constellation Power, Inc",100.0,Non-regulated,,,,,,
Southeast Chicago Energy Project,55281_G_GT12,55281,G,GT12,8492.0,Combustion Turbine,,PJM_COMD,Illinois,17,Cook,31,17031,37.0,12454,2002,2024,,,N,Natural Gas,,,,DLNB,,,,,,,,,1.0,0.14543,0.14543,0.14543,0.14543,,,,,,,,,,,,"Constellation Power, Inc",100.0,"Constellation Power, Inc",100.0,Non-regulated,,,,,,
Laurel Ridge LFGTE,56279_G_1,56279,G,1,,Landfill Gas,,PJM_West,Kentucky,21,Laurel,125,21125,0.8,13500,2003,2023,,,N,Landfill Gas,,,,,,,,,,,,,,0.22117,0.22117,0.22117,0.22117,,,,,,,,,,,,"East Kentucky Power Coop, Inc",100.0,"East Kentucky Power Coop, Inc",100.0,Regulated,,,,,,
Laurel Ridge LFGTE,56279_G_2,56279,G,2,,Landfill Gas,,PJM_West,Kentucky,21,Laurel,125,21125,0.8,13500,2003,2023,,,N,Landfill Gas,,,,,,,,,,,,,,0.22117,0.22117,0.22117,0.22117,,,,,,,,,,,,"East Kentucky Power Coop, Inc",100.0,"East Kentucky Power Coop, Inc",100.0,Regulated,,,,,,
Laurel Ridge LFGTE,56279_G_3,56279,G,3,,Landfill Gas,,PJM_West,Kentucky,21,Laurel,125,21125,0.8,13500,2003,2023,,,N,Landfill Gas,,,,,,,,,,,,,,0.22117,0.22117,0.22117,0.22117,,,,,,,,,,,,"East Kentucky Power Coop, Inc",100.0,"East Kentucky Power Coop, Inc",100.0,Regulated,,,,,,
Laurel Ridge LFGTE,56279_G_4,56279,G,4,,Landfill Gas,,PJM_West,Kentucky,21,Laurel,125,21125,0.8,13500,2003,2023,,,N,Landfill Gas,,,,,,,,,,,,,,0.22117,0.22117,0.22117,0.22117,,,,,,,,,,,,"East Kentucky Power Coop, Inc",100.0,"East Kentucky Power Coop, Inc",100.0,Regulated,,,,,,
Laurel Ridge LFGTE,56279_G_5,56279,G,5,,Landfill Gas,,PJM_West,Kentucky,21,Laurel,125,21125,0.8,13500,2006,2023,,,N,Landfill Gas,,,,,,,,,,,,,,0.22117,0.22117,0.22117,0.22117,,,,,,,,,,,,"East Kentucky Power Coop, Inc",100.0,"East Kentucky Power Coop, Inc",100.0,Regulated,,,,,,
Danville New Design Plant,56363_G_GEN 1,56363,G,GEN 1,,Combustion Turbine,IC Engine,PJM_Dom,Virginia,51,Danville City,590,51590,1.2,12283,2005,2024,,,N,Distillate Fuel Oil,,,,,,,,,,,,,2.64,1.64976,1.64976,1.64976,1.64976,,,,,,,,,,,,City of Danville - (VA),100.0,City of Danville - (VA),100.0,Regulated,,,,,,
Pennsauken Landfill,56511_G_GEN2,56511,G,GEN2,,Landfill Gas,,PJM_EMAC,New Jersey,34,Camden,7,34007,0.9,13500,2004,2018,,,N,Landfill Gas,,,,,,,,,,,,,,0.22117,0.22117,0.22117,0.22117,,,,,,,,,,,,"NextEra Renewable Fuels, LLC",100.0,"NextEra Renewable Fuels, LLC",100.0,Non-regulated,,,,,,
Whitemarsh Central Utility Plant,56513_G_CGE,56513,G,CGE,,Combustion Turbine,IC Engine,PJM_EMAC,Pennsylvania,42,Montgomery,91,42091,1.6,15215,2007,2022,,,N,Natural Gas,,,,,,,,,,,,,,0.2883,0.2883,0.2883,0.2883,,,,,,,,,,,,Whitemarsh Continuing Care Retirement Community,100.0,Whitemarsh Continuing Care Retirement Community,100.0,Non-regulated,,,,,,
Virginia Beach,56693_G_1,56693,G,1,,Landfill Gas,,PJM_Dom,Virginia,51,Virginia Beach City,810,51810,0.3,13500,2001,2024,,,N,Landfill Gas,,,,,,,,,,,,,,0.6,0.6,0.6,0.6,,,,,,,,,,,,Industrial Power Generating Company LLC,100.0,Industrial Power Generating Company LLC,100.0,Non-regulated,,,,,,
Virginia Beach,56693_G_10,56693,G,10,,Landfill Gas,,PJM_Dom,Virginia,51,Virginia Beach City,810,51810,0.3,13500,2001,2024,,,N,Landfill Gas,,,,,,,,,,,,,,0.6,0.6,0.6,0.6,,,,,,,,,,,,Industrial Power Generating Company LLC,100.0,Industrial Power Generating Company LLC,100.0,Non-regulated,,,,,,
Virginia Beach,56693_G_11,56693,G,11,,Landfill Gas,,PJM_Dom,Virginia,51,Virginia Beach City,810,51810,0.3,13500,2001,2024,,,N,Landfill Gas,,,,,,,,,,,,,,0.6,0.6,0.6,0.6,,,,,,,,,,,,Industrial Power Generating Company LLC,100.0,Industrial Power Generating Company LLC,100.0,Non-regulated,,,,,,
Virginia Beach,56693_G_12,56693,G,12,,Landfill Gas,,PJM_Dom,Virginia,51,Virginia Beach City,810,51810,0.3,13500,2001,2024,,,N,Landfill Gas,,,,,,,,,,,,,,0.6,0.6,0.6,0.6,,,,,,,,,,,,Industrial Power Generating Company LLC,100.0,Industrial Power Generating Company LLC,100.0,Non-regulated,,,,,,
Virginia Beach,56693_G_13,56693,G,13,,Landfill Gas,,PJM_Dom,Virginia,51,Virginia Beach City,810,51810,0.3,13500,2001,2024,,,N,Landfill Gas,,,,,,,,,,,,,,0.6,0.6,0.6,0.6,,,,,,,,,,,,Industrial Power Generating Company LLC,100.0,Industrial Power Generating Company LLC,100.0,Non-regulated,,,,,,
Virginia Beach,56693_G_14,56693,G,14,,Landfill Gas,,PJM_Dom,Virginia,51,Virginia Beach City,810,51810,0.3,13500,2001,2024,,,N,Landfill Gas,,,,,,,,,,,,,,0.6,0.6,0.6,0.6,,,,,,,,,,,,Industrial Power Generating Company LLC,100.0,Industrial Power Generating Company LLC,100.0,Non-regulated,,,,,,
Virginia Beach,56693_G_15,56693,G,15,,Landfill Gas,,PJM_Dom,Virginia,51,Virginia Beach City,810,51810,0.3,13500,2001,2024,,,N,Landfill Gas,,,,,,,,,,,,,,0.6,0.6,0.6,0.6,,,,,,,,,,,,Industrial Power Generating Company LLC,100.0,Industrial Power Generating Company LLC,100.0,Non-regulated,,,,,,
Virginia Beach,56693_G_16,56693,G,16,,Landfill Gas,,PJM_Dom,Virginia,51,Virginia Beach City,810,51810,0.3,13500,2001,2024,,,N,Landfill Gas,,,,,,,,,,,,,,0.6,0.6,0.6,0.6,,,,,,,,,,,,Industrial Power Generating Company LLC,100.0,Industrial Power Generating Company LLC,100.0,Non-regulated,,,,,,
Virginia Beach,56693_G_17,56693,G,17,,Landfill Gas,,PJM_Dom,Virginia,51,Virginia Beach City,810,51810,0.3,13500,2001,2024,,,N,Landfill Gas,,,,,,,,,,,,,,0.6,0.6,0.6,0.6,,,,,,,,,,,,Industrial Power Generating Company LLC,100.0,Industrial Power Generating Company LLC,100.0,Non-regulated,,,,,,
Virginia Beach,56693_G_18,56693,G,18,,Landfill Gas,,PJM_Dom,Virginia,51,Virginia Beach City,810,51810,0.3,13500,2001,2024,,,N,Landfill Gas,,,,,,,,,,,,,,0.6,0.6,0.6,0.6,,,,,,,,,,,,Industrial Power Generating Company LLC,100.0,Industrial Power Generating Company LLC,100.0,Non-regulated,,,,,,
Virginia Beach,56693_G_19,56693,G,19,,Landfill Gas,,PJM_Dom,Virginia,51,Virginia Beach City,810,51810,0.3,13500,2001,2024,,,N,Landfill Gas,,,,,,,,,,,,,,0.6,0.6,0.6,0.6,,,,,,,,,,,,Industrial Power Generating Company LLC,100.0,Industrial Power Generating Company LLC,100.0,Non-regulated,,,,,,
Virginia Beach,56693_G_2,56693,G,2,,Landfill Gas,,PJM_Dom,Virginia,51,Virginia Beach City,810,51810,0.3,13500,2001,2024,,,N,Landfill Gas,,,,,,,,,,,,,,0.6,0.6,0.6,0.6,,,,,,,,,,,,Industrial Power Generating Company LLC,100.0,Industrial Power Generating Company LLC,100.0,Non-regulated,,,,,,
Virginia Beach,56693_G_20,56693,G,20,,Landfill Gas,,PJM_Dom,Virginia,51,Virginia Beach City,810,51810,0.3,13500,2001,2024,,,N,Landfill Gas,,,,,,,,,,,,,,0.6,0.6,0.6,0.6,,,,,,,,,,,,Industrial Power Generating Company LLC,100.0,Industrial Power Generating Company LLC,100.0,Non-regulated,,,,,,
Virginia Beach,56693_G_21,56693,G,21,,Landfill Gas,,PJM_Dom,Virginia,51,Virginia Beach City,810,51810,0.3,13500,2001,2024,,,N,Landfill Gas,,,,,,,,,,,,,,0.6,0.6,0.6,0.6,,,,,,,,,,,,Industrial Power Generating Company LLC,100.0,Industrial Power Generating Company LLC,100.0,Non-regulated,,,,,,
Virginia Beach,56693_G_22,56693,G,22,,Landfill Gas,,PJM_Dom,Virginia,51,Virginia Beach City,810,51810,0.3,13500,2001,2024,,,N,Landfill Gas,,,,,,,,,,,,,,0.6,0.6,0.6,0.6,,,,,,,,,,,,Industrial Power Generating Company LLC,100.0,Industrial Power Generating Company LLC,100.0,Non-regulated,,,,,,
Virginia Beach,56693_G_23,56693,G,23,,Landfill Gas,,PJM_Dom,Virginia,51,Virginia Beach City,810,51810,0.3,13500,2001,2024,,,N,Landfill Gas,,,,,,,,,,,,,,0.6,0.6,0.6,0.6,,,,,,,,,,,,Industrial Power Generating Company LLC,100.0,Industrial Power Generating Company LLC,100.0,Non-regulated,,,,,,
Virginia Beach,56693_G_24,56693,G,24,,Landfill Gas,,PJM_Dom,Virginia,51,Virginia Beach City,810,51810,0.3,13500,2001,2024,,,N,Landfill Gas,,,,,,,,,,,,,,0.6,0.6,0.6,0.6,,,,,,,,,,,,Industrial Power Generating Company LLC,100.0,Industrial Power Generating Company LLC,100.0,Non-regulated,,,,,,
Virginia Beach,56693_G_25,56693,G,25,,Landfill Gas,,PJM_Dom,Virginia,51,Virginia Beach City,810,51810,0.3,13500,2001,2024,,,N,Landfill Gas,,,,,,,,,,,,,,0.6,0.6,0.6,0.6,,,,,,,,,,,,Industrial Power Generating Company LLC,100.0,Industrial Power Generating Company LLC,100.0,Non-regulated,,,,,,
Virginia Beach,56693_G_26,56693,G,26,,Landfill Gas,,PJM_Dom,Virginia,51,Virginia Beach City,810,51810,0.3,13500,2001,2024,,,N,Landfill Gas,,,,,,,,,,,,,,0.6,0.6,0.6,0.6,,,,,,,,,,,,Industrial Power Generating Company LLC,100.0,Industrial Power Generating Company LLC,100.0,Non-regulated,,,,,,
Virginia Beach,56693_G_27,56693,G,27,,Landfill Gas,,PJM_Dom,Virginia,51,Virginia Beach City,810,51810,0.3,13500,2001,2024,,,N,Landfill Gas,,,,,,,,,,,,,,0.6,0.6,0.6,0.6,,,,,,,,,,,,Industrial Power Generating Company LLC,100.0,Industrial Power Generating Company LLC,100.0,Non-regulated,,,,,,
Virginia Beach,56693_G_28,56693,G,28,,Landfill Gas,,PJM_Dom,Virginia,51,Virginia Beach City,810,51810,0.3,13500,2001,2024,,,N,Landfill Gas,,,,,,,,,,,,,,0.6,0.6,0.6,0.6,,,,,,,,,,,,Industrial Power Generating Company LLC,100.0,Industrial Power Generating Company LLC,100.0,Non-regulated,,,,,,
Virginia Beach,56693_G_29,56693,G,29,,Landfill Gas,,PJM_Dom,Virginia,51,Virginia Beach City,810,51810,0.3,13500,2001,2024,,,N,Landfill Gas,,,,,,,,,,,,,,0.6,0.6,0.6,0.6,,,,,,,,,,,,Industrial Power Generating Company LLC,100.0,Industrial Power Generating Company LLC,100.0,Non-regulated,,,,,,
Virginia Beach,56693_G_3,56693,G,3,,Landfill Gas,,PJM_Dom,Virginia,51,Virginia Beach City,810,51810,0.3,13500,2001,2024,,,N,Landfill Gas,,,,,,,,,,,,,,0.6,0.6,0.6,0.6,,,,,,,,,,,,Industrial Power Generating Company LLC,100.0,Industrial Power Generating Company LLC,100.0,Non-regulated,,,,,,
Virginia Beach,56693_G_30,56693,G,30,,Landfill Gas,,PJM_Dom,Virginia,51,Virginia Beach City,810,51810,0.3,13500,2001,2024,,,N,Landfill Gas,,,,,,,,,,,,,,0.6,0.6,0.6,0.6,,,,,,,,,,,,Industrial Power Generating Company LLC,100.0,Industrial Power Generating Company LLC,100.0,Non-regulated,,,,,,
Virginia Beach,56693_G_31,56693,G,31,,Landfill Gas,,PJM_Dom,Virginia,51,Virginia Beach City,810,51810,0.3,13500,2001,2024,,,N,Landfill Gas,,,,,,,,,,,,,,0.6,0.6,0.6,0.6,,,,,,,,,,,,Industrial Power Generating Company LLC,100.0,Industrial Power Generating Company LLC,100.0,Non-regulated,,,,,,
Virginia Beach,56693_G_32,56693,G,32,,Landfill Gas,,PJM_Dom,Virginia,51,Virginia Beach City,810,51810,0.3,13500,2001,2024,,,N,Landfill Gas,,,,,,,,,,,,,,0.6,0.6,0.6,0.6,,,,,,,,,,,,Industrial Power Generating Company LLC,100.0,Industrial Power Generating Company LLC,100.0,Non-regulated,,,,,,
Virginia Beach,56693_G_33,56693,G,33,,Landfill Gas,,PJM_Dom,Virginia,51,Virginia Beach City,810,51810,0.3,13500,2001,2024,,,N,Landfill Gas,,,,,,,,,,,,,,0.6,0.6,0.6,0.6,,,,,,,,,,,,Industrial Power Generating Company LLC,100.0,Industrial Power Generating Company LLC,100.0,Non-regulated,,,,,,
Virginia Beach,56693_G_34,56693,G,34,,Landfill Gas,,PJM_Dom,Virginia,51,Virginia Beach City,810,51810,0.3,13500,2001,2024,,,N,Landfill Gas,,,,,,,,,,,,,,0.6,0.6,0.6,0.6,,,,,,,,,,,,Industrial Power Generating Company LLC,100.0,Industrial Power Generating Company LLC,100.0,Non-regulated,,,,,,
Virginia Beach,56693_G_35,56693,G,35,,Landfill Gas,,PJM_Dom,Virginia,51,Virginia Beach City,810,51810,0.3,13500,2001,2024,,,N,Landfill Gas,,,,,,,,,,,,,,0.6,0.6,0.6,0.6,,,,,,,,,,,,Industrial Power Generating Company LLC,100.0,Industrial Power Generating Company LLC,100.0,Non-regulated,,,,,,
Virginia Beach,56693_G_36,56693,G,36,,Landfill Gas,,PJM_Dom,Virginia,51,Virginia Beach City,810,51810,0.3,13500,2001,2024,,,N,Landfill Gas,,,,,,,,,,,,,,0.6,0.6,0.6,0.6,,,,,,,,,,,,Industrial Power Generating Company LLC,100.0,Industrial Power Generating Company LLC,100.0,Non-regulated,,,,,,
Virginia Beach,56693_G_4,56693,G,4,,Landfill Gas,,PJM_Dom,Virginia,51,Virginia Beach City,810,51810,0.3,13500,2001,2024,,,N,Landfill Gas,,,,,,,,,,,,,,0.6,0.6,0.6,0.6,,,,,,,,,,,,Industrial Power Generating Company LLC,100.0,Industrial Power Generating Company LLC,100.0,Non-regulated,,,,,,
Virginia Beach,56693_G_5,56693,G,5,,Landfill Gas,,PJM_Dom,Virginia,51,Virginia Beach City,810,51810,0.3,13500,2001,2024,,,N,Landfill Gas,,,,,,,,,,,,,,0.6,0.6,0.6,0.6,,,,,,,,,,,,Industrial Power Generating Company LLC,100.0,Industrial Power Generating Company LLC,100.0,Non-regulated,,,,,,
Virginia Beach,56693_G_6,56693,G,6,,Landfill Gas,,PJM_Dom,Virginia,51,Virginia Beach City,810,51810,0.3,13500,2001,2024,,,N,Landfill Gas,,,,,,,,,,,,,,0.6,0.6,0.6,0.6,,,,,,,,,,,,Industrial Power Generating Company LLC,100.0,Industrial Power Generating Company LLC,100.0,Non-regulated,,,,,,
Virginia Beach,56693_G_7,56693,G,7,,Landfill Gas,,PJM_Dom,Virginia,51,Virginia Beach City,810,51810,0.3,13500,2001,2024,,,N,Landfill Gas,,,,,,,,,,,,,,0.6,0.6,0.6,0.6,,,,,,,,,,,,Industrial Power Generating Company LLC,100.0,Industrial Power Generating Company LLC,100.0,Non-regulated,,,,,,
Virginia Beach,56693_G_8,56693,G,8,,Landfill Gas,,PJM_Dom,Virginia,51,Virginia Beach City,810,51810,0.3,13500,2001,2024,,,N,Landfill Gas,,,,,,,,,,,,,,0.6,0.6,0.6,0.6,,,,,,,,,,,,Industrial Power Generating Company LLC,100.0,Industrial Power Generating Company LLC,100.0,Non-regulated,,,,,,
Virginia Beach,56693_G_9,56693,G,9,,Landfill Gas,,PJM_Dom,Virginia,51,Virginia Beach City,810,51810,0.3,13500,2001,2024,,,N,Landfill Gas,,,,,,,,,,,,,,0.6,0.6,0.6,0.6,,,,,,,,,,,,Industrial Power Generating Company LLC,100.0,Industrial Power Generating Company LLC,100.0,Non-regulated,,,,,,
Loraine County Project,56869_G_1,56869,G,1,,Landfill Gas,,PJM_ATSI,Ohio,39,Lorain,93,39093,1.4,13500,2001,2023,,,N,Landfill Gas,,,,,,,,,,,,,,0.22117,0.22117,0.22117,0.22117,,,,,,,,,,,,"Energy Developments, Inc d/b/a EDL",100.0,"Energy Developments, Inc d/b/a EDL",100.0,Non-regulated,,,,,,
Loraine County Project,56869_G_10,56869,G,10,,Landfill Gas,,PJM_ATSI,Ohio,39,Lorain,93,39093,1.6,13500,2012,2023,,,N,Landfill Gas,,,,,,,,,,,,,,0.22117,0.22117,0.22117,0.22117,,,,,,,,,,,,"Energy Developments, Inc d/b/a EDL",100.0,"Energy Developments, Inc d/b/a EDL",100.0,Non-regulated,,,,,,
Loraine County Project,56869_G_11,56869,G,11,,Landfill Gas,,PJM_ATSI,Ohio,39,Lorain,93,39093,1.6,13500,2012,2023,,,N,Landfill Gas,,,,,,,,,,,,,,0.22117,0.22117,0.22117,0.22117,,,,,,,,,,,,"Energy Developments, Inc d/b/a EDL",100.0,"Energy Developments, Inc d/b/a EDL",100.0,Non-regulated,,,,,,
Loraine County Project,56869_G_12,56869,G,12,,Landfill Gas,,PJM_ATSI,Ohio,39,Lorain,93,39093,1.6,13500,2012,2023,,,N,Landfill Gas,,,,,,,,,,,,,,0.22117,0.22117,0.22117,0.22117,,,,,,,,,,,,"Energy Developments, Inc d/b/a EDL",100.0,"Energy Developments, Inc d/b/a EDL",100.0,Non-regulated,,,,,,
Loraine County Project,56869_G_13,56869,G,13,,Landfill Gas,,PJM_ATSI,Ohio,39,Lorain,93,39093,1.6,13500,2012,2023,,,N,Landfill Gas,,,,,,,,,,,,,,0.22117,0.22117,0.22117,0.22117,,,,,,,,,,,,"Energy Developments, Inc d/b/a EDL",100.0,"Energy Developments, Inc d/b/a EDL",100.0,Non-regulated,,,,,,
Loraine County Project,56869_G_14,56869,G,14,,Landfill Gas,,PJM_ATSI,Ohio,39,Lorain,93,39093,1.6,13500,2012,2023,,,N,Landfill Gas,,,,,,,,,,,,,,0.22117,0.22117,0.22117,0.22117,,,,,,,,,,,,"Energy Developments, Inc d/b/a EDL",100.0,"Energy Developments, Inc d/b/a EDL",100.0,Non-regulated,,,,,,
Loraine County Project,56869_G_15,56869,G,15,,Landfill Gas,,PJM_ATSI,Ohio,39,Lorain,93,39093,1.6,13500,2012,2023,,,N,Landfill Gas,,,,,,,,,,,,,,0.22117,0.22117,0.22117,0.22117,,,,,,,,,,,,"Energy Developments, Inc d/b/a EDL",100.0,"Energy Developments, Inc d/b/a EDL",100.0,Non-regulated,,,,,,
Loraine County Project,56869_G_16,56869,G,16,,Landfill Gas,,PJM_ATSI,Ohio,39,Lorain,93,39093,1.6,13500,2012,2023,,,N,Landfill Gas,,,,,,,,,,,,,,0.22117,0.22117,0.22117,0.22117,,,,,,,,,,,,"Energy Developments, Inc d/b/a EDL",100.0,"Energy Developments, Inc d/b/a EDL",100.0,Non-regulated,,,,,,
Loraine County Project,56869_G_17,56869,G,17,,Landfill Gas,,PJM_ATSI,Ohio,39,Lorain,93,39093,1.6,13500,2012,2023,,,N,Landfill Gas,,,,,,,,,,,,,,0.22117,0.22117,0.22117,0.22117,,,,,,,,,,,,"Energy Developments, Inc d/b/a EDL",100.0,"Energy Developments, Inc d/b/a EDL",100.0,Non-regulated,,,,,,
Loraine County Project,56869_G_18,56869,G,18,,Landfill Gas,,PJM_ATSI,Ohio,39,Lorain,93,39093,1.6,13500,2012,2023,,,N,Landfill Gas,,,,,,,,,,,,,,0.22117,0.22117,0.22117,0.22117,,,,,,,,,,,,"Energy Developments, Inc d/b/a EDL",100.0,"Energy Developments, Inc d/b/a EDL",100.0,Non-regulated,,,,,,
Loraine County Project,56869_G_2,56869,G,2,,Landfill Gas,,PJM_ATSI,Ohio,39,Lorain,93,39093,1.4,13500,2001,2023,,,N,Landfill Gas,,,,,,,,,,,,,,0.22117,0.22117,0.22117,0.22117,,,,,,,,,,,,"Energy Developments, Inc d/b/a EDL",100.0,"Energy Developments, Inc d/b/a EDL",100.0,Non-regulated,,,,,,
Loraine County Project,56869_G_3,56869,G,3,,Landfill Gas,,PJM_ATSI,Ohio,39,Lorain,93,39093,1.4,13500,2001,2023,,,N,Landfill Gas,,,,,,,,,,,,,,0.22117,0.22117,0.22117,0.22117,,,,,,,,,,,,"Energy Developments, Inc d/b/a EDL",100.0,"Energy Developments, Inc d/b/a EDL",100.0,Non-regulated,,,,,,
Loraine County Project,56869_G_4,56869,G,4,,Landfill Gas,,PJM_ATSI,Ohio,39,Lorain,93,39093,1.4,13500,2001,2023,,,N,Landfill Gas,,,,,,,,,,,,,,0.22117,0.22117,0.22117,0.22117,,,,,,,,,,,,"Energy Developments, Inc d/b/a EDL",100.0,"Energy Developments, Inc d/b/a EDL",100.0,Non-regulated,,,,,,
Loraine County Project,56869_G_5,56869,G,5,,Landfill Gas,,PJM_ATSI,Ohio,39,Lorain,93,39093,1.4,13500,2001,2023,,,N,Landfill Gas,,,,,,,,,,,,,,0.22117,0.22117,0.22117,0.22117,,,,,,,,,,,,"Energy Developments, Inc d/b/a EDL",100.0,"Energy Developments, Inc d/b/a EDL",100.0,Non-regulated,,,,,,
Loraine County Project,56869_G_6,56869,G,6,,Landfill Gas,,PJM_ATSI,Ohio,39,Lorain,93,39093,1.4,13500,2001,2023,,,N,Landfill Gas,,,,,,,,,,,,,,0.22117,0.22117,0.22117,0.22117,,,,,,,,,,,,"Energy Developments, Inc d/b/a EDL",100.0,"Energy Developments, Inc d/b/a EDL",100.0,Non-regulated,,,,,,
Loraine County Project,56869_G_7,56869,G,7,,Landfill Gas,,PJM_ATSI,Ohio,39,Lorain,93,39093,1.4,13500,2003,2023,,,N,Landfill Gas,,,,,,,,,,,,,,0.22117,0.22117,0.22117,0.22117,,,,,,,,,,,,"Energy Developments, Inc d/b/a EDL",100.0,"Energy Developments, Inc d/b/a EDL",100.0,Non-regulated,,,,,,
Loraine County Project,56869_G_8,56869,G,8,,Landfill Gas,,PJM_ATSI,Ohio,39,Lorain,93,39093,1.4,13500,2003,2023,,,N,Landfill Gas,,,,,,,,,,,,,,0.22117,0.22117,0.22117,0.22117,,,,,,,,,,,,"Energy Developments, Inc d/b/a EDL",100.0,"Energy Developments, Inc d/b/a EDL",100.0,Non-regulated,,,,,,
Loraine County Project,56869_G_9,56869,G,9,,Landfill Gas,,PJM_ATSI,Ohio,39,Lorain,93,39093,1.6,13500,2012,2023,,,N,Landfill Gas,,,,,,,,,,,,,,0.22117,0.22117,0.22117,0.22117,,,,,,,,,,,,"Energy Developments, Inc d/b/a EDL",100.0,"Energy Developments, Inc d/b/a EDL",100.0,Non-regulated,,,,,,
Broad Mountain,56911_G_GEN1,56911,G,GEN1,,Landfill Gas,,PJM_WMAC,Pennsylvania,42,Schuylkill,107,42107,4.1,16381,2009,2023,,,N,Landfill Gas,,,,,,,,,,,,,,0.22117,0.22117,0.22117,0.22117,,,,,,,,,,,,"Hunlock Creek Generating, LLC",100.0,"Hunlock Creek Generating, LLC",100.0,Non-regulated,,,,,,
Broad Mountain,56911_G_GEN2,56911,G,GEN2,,Landfill Gas,,PJM_WMAC,Pennsylvania,42,Schuylkill,107,42107,4.1,16386,2009,2023,,,N,Landfill Gas,,,,,,,,,,,,,,0.22117,0.22117,0.22117,0.22117,,,,,,,,,,,,"Hunlock Creek Generating, LLC",100.0,"Hunlock Creek Generating, LLC",100.0,Non-regulated,,,,,,
PSEG Hackettstown,57204_G_1,57204,G,1,,Solar PV,,PJM_EMAC,New Jersey,34,Warren,41,34041,2.2,0,2009,2024,,,N,Solar,,,,,,,,,,,,,,0.0,0.0,0.0,0.0,,,,,,,,,,,,PSEG Solar Hackettstown LLC,100.0,PSEG Solar Hackettstown LLC,100.0,Non-regulated,,,,,,
Prairie View IL,57406_G_GEN1,57406,G,GEN1,,Landfill Gas,,PJM_COMD,Illinois,17,Will,197,17197,1.6,13500,2011,2022,,,N,Landfill Gas,,,,,,,,,,,,,,0.22117,0.22117,0.22117,0.22117,,,,,,,,,,,,WM Renewable Energy LLC,100.0,WM Renewable Energy LLC,100.0,Non-regulated,,,,,,
Prairie View IL,57406_G_GEN2,57406,G,GEN2,,Landfill Gas,,PJM_COMD,Illinois,17,Will,197,17197,1.6,13500,2011,2022,,,N,Landfill Gas,,,,,,,,,,,,,,0.22117,0.22117,0.22117,0.22117,,,,,,,,,,,,WM Renewable Energy LLC,100.0,WM Renewable Energy LLC,100.0,Non-regulated,,,,,,
Prairie View IL,57406_G_GEN3,57406,G,GEN3,,Landfill Gas,,PJM_COMD,Illinois,17,Will,197,17197,1.6,13500,2011,2022,,,N,Landfill Gas,,,,,,,,,,,,,,0.22117,0.22117,0.22117,0.22117,,,,,,,,,,,,WM Renewable Energy LLC,100.0,WM Renewable Energy LLC,100.0,Non-regulated,,,,,,
Trexlertown Solar Array North and South,57519_G_GEN1,57519,G,GEN1,,Solar PV,,PJM_WMAC,Pennsylvania,42,Lehigh,77,42077,1.9,0,2011,2023,,,N,Solar,,,,,,,,,,,,,,0.0,0.0,0.0,0.0,,,,,,,,,,,,Trexlertown Solar Array North and South,100.0,Trexlertown Solar Array North and South,100.0,Non-regulated,,,,,,
Union City Wind Turbine,57637_G_1,57637,G,1,,Onshore Wind,,PJM_West,Indiana,18,Randolph,135,18135,1.0,0,2010,2023,,,N,Wind,,,,,,,,,,,,,,0.0,0.0,0.0,0.0,,,,,,,,,,,,Performance Services,100.0,Performance Services,100.0,Non-regulated,,,,,,
L'Oreal Piscataway,57868_G_UNIT2,57868,G,UNIT2,,Solar PV,,PJM_EMAC,New Jersey,34,Middlesex,23,34023,0.3,0,2014,2026,,,N,Solar,,,,,,,,,,,,,,0.0,0.0,0.0,0.0,,,,,,,,,,,,GSRP Project Holdings I LLC,100.0,GSRP Project Holdings I LLC,100.0,Non-regulated,,,,,,
L'Oreal Piscataway,57868_G_UNIT3,57868,G,UNIT3,,Solar PV,,PJM_EMAC,New Jersey,34,Middlesex,23,34023,0.3,0,2016,2026,,,N,Solar,,,,,,,,,,,,,,0.0,0.0,0.0,0.0,,,,,,,,,,,,GSRP Project Holdings I LLC,100.0,GSRP Project Holdings I LLC,100.0,Non-regulated,,,,,,
East Campus Utility Plant,57929_G_STG,57929,G,STG,,O/G Steam,,PJM_West,Ohio,39,Hamilton,61,39061,1.2,11798,2010,2024,,,N,"Natural Gas, Distillate Fuel Oil",,,,,,,,,,,,,,0.23063,0.23063,0.23063,0.23063,,,,,,,,,,,,University of Cincinnati,100.0,University of Cincinnati,100.0,Non-regulated,,,,,,
IKEA Westhampton 061,58016_G_PV,58016,G,PV,,Solar PV,,PJM_EMAC,New Jersey,34,Burlington,5,34005,1.8,0,2013,2023,,,N,Solar,,,,,,,,,,,,,,0.0,0.0,0.0,0.0,,,,,,,,,,,,IKEA Property Inc,100.0,IKEA Property Inc,100.0,Non-regulated,,,,,,
Battery Utility of Ohio,58475_G_BOU,58475,G,BOU,,Energy Storage,,PJM_West,Ohio,39,Delaware,41,39041,4.0,0,2014,2023,,,N,Energy Storage,,,,,,,,,,,,,,0.0,0.0,0.0,0.0,,,,,,,,,,,,Battery Utility of Ohio LLC,100.0,RES Group,100.0,Non-regulated,,,,,,
Icebreaker Offshore Wind Farm,58941_G_WTG1,58941,G,WTG1,,Offshore Wind,,PJM_ATSI,Ohio,39,Cuyahoga,35,39035,3.4,0,2025,2025,,,N,Wind,,,,,,,,,,,,,,0.0,0.0,0.0,0.0,,,,,,,,,,,,Lake Erie Energy Development Corp,100.0,Lake Erie Energy Development Corp,100.0,Non-regulated,,,,,,
Icebreaker Offshore Wind Farm,58941_G_WTG2,58941,G,WTG2,,Offshore Wind,,PJM_ATSI,Ohio,39,Cuyahoga,35,39035,3.4,0,2025,2025,,,N,Wind,,,,,,,,,,,,,,0.0,0.0,0.0,0.0,,,,,,,,,,,,Lake Erie Energy Development Corp,100.0,Lake Erie Energy Development Corp,100.0,Non-regulated,,,,,,
Icebreaker Offshore Wind Farm,58941_G_WTG3,58941,G,WTG3,,Offshore Wind,,PJM_ATSI,Ohio,39,Cuyahoga,35,39035,3.4,0,2025,2025,,,N,Wind,,,,,,,,,,,,,,0.0,0.0,0.0,0.0,,,,,,,,,,,,Lake Erie Energy Development Corp,100.0,Lake Erie Energy Development Corp,100.0,Non-regulated,,,,,,
Icebreaker Offshore Wind Farm,58941_G_WTG4,58941,G,WTG4,,Offshore Wind,,PJM_ATSI,Ohio,39,Cuyahoga,35,39035,3.4,0,2025,2025,,,N,Wind,,,,,,,,,,,,,,0.0,0.0,0.0,0.0,,,,,,,,,,,,Lake Erie Energy Development Corp,100.0,Lake Erie Energy Development Corp,100.0,Non-regulated,,,,,,
Icebreaker Offshore Wind Farm,58941_G_WTG5,58941,G,WTG5,,Offshore Wind,,PJM_ATSI,Ohio,39,Cuyahoga,35,39035,3.4,0,2025,2025,,,N,Wind,,,,,,,,,,,,,,0.0,0.0,0.0,0.0,,,,,,,,,,,,Lake Erie Energy Development Corp,100.0,Lake Erie Energy Development Corp,100.0,Non-regulated,,,,,,
Icebreaker Offshore Wind Farm,58941_G_WTG6,58941,G,WTG6,,Offshore Wind,,PJM_ATSI,Ohio,39,Cuyahoga,35,39035,3.4,0,2025,2025,,,N,Wind,,,,,,,,,,,,,,0.0,0.0,0.0,0.0,,,,,,,,,,,,Lake Erie Energy Development Corp,100.0,Lake Erie Energy Development Corp,100.0,Non-regulated,,,,,,
Rariton OMP,59055_G_CHP1,59055,G,CHP1,,Combustion Turbine,IC Engine,PJM_EMAC,New Jersey,34,Somerset,35,34035,3.0,10745,2009,2024,,,N,Natural Gas,,,,,,,,,,,,,,0.23772,0.23772,0.23772,0.23772,,,,,,,,,,,,Janssen Pharmaceutical Co,100.0,Janssen Pharmaceutical Co,100.0,Non-regulated,,,,,,
Indian River Generating Station,594_G_10,594,G,10,386.0,Combustion Turbine,,PJM_EMAC,Delaware,10,Sussex,5,10005,16.1,14972,1967,2026,,,N,Distillate Fuel Oil,,,,H2O,,,,,,,,,0.3,0.24678,0.24678,0.24678,0.24678,,,,,,,,,,,,Indian River Power LLC,100.0,NRG Energy Inc,100.0,Non-regulated,,,,,,
Orchard Hills Renewable Energy Station,59792_G_1,59792,G,1,,Landfill Gas,,PJM_COMD,Illinois,17,Ogle,141,17141,2.2,13500,2016,2022,,,N,Landfill Gas,,,,,,,,,,,,,,0.22117,0.22117,0.22117,0.22117,,,,,,,,,,,,"Hoosier Energy R E C, Inc",100.0,"Hoosier Energy R E C, Inc",100.0,Regulated,,,,,,
Orchard Hills Renewable Energy Station,59792_G_2,59792,G,2,,Landfill Gas,,PJM_COMD,Illinois,17,Ogle,141,17141,2.2,13500,2016,2022,,,N,Landfill Gas,,,,,,,,,,,,,,0.22117,0.22117,0.22117,0.22117,,,,,,,,,,,,"Hoosier Energy R E C, Inc",100.0,"Hoosier Energy R E C, Inc",100.0,Regulated,,,,,,
Orchard Hills Renewable Energy Station,59792_G_3,59792,G,3,,Landfill Gas,,PJM_COMD,Illinois,17,Ogle,141,17141,2.2,13500,2016,2022,,,N,Landfill Gas,,,,,,,,,,,,,,0.22117,0.22117,0.22117,0.22117,,,,,,,,,,,,"Hoosier Energy R E C, Inc",100.0,"Hoosier Energy R E C, Inc",100.0,Regulated,,,,,,
Orchard Hills Renewable Energy Station,59792_G_4,59792,G,4,,Landfill Gas,,PJM_COMD,Illinois,17,Ogle,141,17141,2.2,13500,2016,2022,,,N,Landfill Gas,,,,,,,,,,,,,,0.22117,0.22117,0.22117,0.22117,,,,,,,,,,,,"Hoosier Energy R E C, Inc",100.0,"Hoosier Energy R E C, Inc",100.0,Regulated,,,,,,
Orchard Hills Renewable Energy Station,59792_G_5,59792,G,5,,Landfill Gas,,PJM_COMD,Illinois,17,Ogle,141,17141,2.2,13500,2016,2022,,,N,Landfill Gas,,,,,,,,,,,,,,0.22117,0.22117,0.22117,0.22117,,,,,,,,,,,,"Hoosier Energy R E C, Inc",100.0,"Hoosier Energy R E C, Inc",100.0,Regulated,,,,,,
Orchard Hills Renewable Energy Station,59792_G_6,59792,G,6,,Landfill Gas,,PJM_COMD,Illinois,17,Ogle,141,17141,2.2,13500,2016,2022,,,N,Landfill Gas,,,,,,,,,,,,,,0.22117,0.22117,0.22117,0.22117,,,,,,,,,,,,"Hoosier Energy R E C, Inc",100.0,"Hoosier Energy R E C, Inc",100.0,Regulated,,,,,,
"SunEnergy1-Scotland Neck, LLC",59898_G_SE1SN,59898,G,SE1SN,,Solar PV,,PJM_Dom,North Carolina,37,Halifax,83,37083,3.0,0,2014,2026,,,N,Solar,,,,,,,,,,,,,,0.0,0.0,0.0,0.0,,,,,,,,,,,,"SunEnergy1-Scotland Neck, LLC",100.0,"SunEnergy1-Scotland Neck, LLC",100.0,Non-regulated,,,,,,
AES Warrior Run Energy Storage Project,59949_G_BESS1,59949,G,BESS1,,Energy Storage,,PJM_AP,Maryland,24,Allegany,1,24001,5.0,0,2015,2024,,,N,Energy Storage,,,,,,,,,,,,,,0.0,0.0,0.0,0.0,,,,,,,,,,,,AES Tait LLC,100.0,AES Tait LLC,100.0,Non-regulated,,,,,,
Willey Battery Utility,60660_G_WBU,60660,G,WBU,,Energy Storage,,PJM_West,Ohio,39,Hamilton,61,39061,6.0,0,2016,2025,,,N,Energy Storage,,,,,,,,,,,,,,0.0,0.0,0.0,0.0,,,,,,,,,,,,"Willey Battery Utility, LLC",100.0,"Willey Battery Utility, LLC",100.0,Non-regulated,,,,,,
"Gemini Technologies Services, Inc. Solar",60804_G_DBGAT,60804,G,DBGAT,,Solar PV,,PJM_EMAC,New Jersey,34,Morris,27,34027,1.2,0,2013,2022,,,N,Solar,,,,,,,,,,,,,,0.0,0.0,0.0,0.0,,,,,,,,,,,,"Gemini Technologies Services, Inc.",100.0,"Gemini Technologies Services, Inc.",100.0,Non-regulated,,,,,,
Poplar Camp Wind Farm,61111_G_PC1,61111,G,PC1,,Onshore Wind,,PJM_West,Virginia,51,Carroll,35,51035,72.0,0,2025,2025,,,N,Wind,,,,,,,,,,,,,,0.0,0.0,0.0,0.0,,,,,,,,,,,,Popular Camp Wind Farm LLC,100.0,Popular Camp Wind Farm LLC,100.0,Non-regulated,,,,,,
RB Manufacturing LLC Belle Mead NJ,61162_G_RBBM,61162,G,RBBM,,Solar PV,,PJM_EMAC,New Jersey,34,Somerset,35,34035,1.4,0,2016,2020,,,N,Solar,,,,,,,,,,,,,,0.0,0.0,0.0,0.0,,,,,,,,,,,,RB Manufacturing LLC,100.0,RB Manufacturing LLC,100.0,Non-regulated,,,,,,
"Bergenmand Solar Partners, LLC Mahwah",63200_G_SA1,63200,G,SA1,,Solar PV,,PJM_EMAC,New Jersey,34,Bergen,3,34003,0.5,0,2012,2026,,,N,Solar,,,,,,,,,,,,,,0.0,0.0,0.0,0.0,,,,,,,,,,,,"Bergenmand Solar Partners, LLC",100.0,"Bergenmand Solar Partners, LLC",100.0,Non-regulated,,,,,,
Crossroads Solar (PA),63785_G_CROSS,63785,G,CROSS,,Solar PV,,PJM_AP,Pennsylvania,42,Franklin,55,42055,50.0,0,2024,2024,,,N,Solar,,,,,,,,,,,,,,0.0,0.0,0.0,0.0,,,,,,,,,,,,"Crossroads Solar, LLC",100.0,"Crossroads Solar, LLC",100.0,Non-regulated,,,,,,
Perquimans Solar LLC,63955_G_PERQU,63955,G,PERQU,,Solar PV,,PJM_Dom,North Carolina,37,Perquimans,143,37143,5.0,0,2023,2023,,,N,Solar,,,,,,,,,,,,,,0.0,0.0,0.0,0.0,,,,,,,,,,,,Perquimans Solar LLC,100.0,Perquimans Solar LLC,100.0,Non-regulated,,,,,,
"Great Bear Solar, LLC",64073_G_GBS,64073,G,GBS,,Solar PV,,PJM_West,Ohio,39,Van Wert,161,39161,46.0,0,2025,2025,,,N,Solar,,,,,,,,,,,,,,0.0,0.0,0.0,0.0,,,,,,,,,,,,Avangrid Power LLC,100.0,Avangrid Power LLC,100.0,Non-regulated,,,,,,
Ocean Wind,64082_G_OCW01,64082,G,OCW01,,Offshore Wind,,PJM_EMAC,New Jersey,34,Ocean,29,34029,1100.0,0,2024,2024,,,N,Wind,,,,,,,,,,,,,,0.0,0.0,0.0,0.0,,,,,,,,,,,,Orsted North America Inc.,100.0,Orsted North America Inc.,100.0,Non-regulated,,,,,,
Skipjack Wind Farm,64083_G_SJW01,64083,G,SJW01,,Offshore Wind,,PJM_EMAC,Maryland,24,Worcester,47,24047,120.0,0,2026,2026,,,N,Wind,,,,,,,,,,,,,,0.0,0.0,0.0,0.0,,,,,,,,,,,,"Skipjack Offshore Energy, LLC",100.0,"Skipjack Offshore Energy, LLC",100.0,Non-regulated,,,,,,
"Lily Pond Solar, LLC",64134_G_ENX09,64134,G,ENX09,,Solar PV,,PJM_Dom,Virginia,51,Dinwiddie,53,51053,80.0,0,2024,2024,,,N,Solar,,,,,,,,,,,,,,0.0,0.0,0.0,0.0,,,,,,,,,,,,"Lily Pond Solar, LLC",100.0,"Lily Pond Solar, LLC",100.0,Non-regulated,,,,,,
IL - SMHEC - Moraine Valley,64181_G_18017,64181,G,18017,,Solar PV,,PJM_COMD,Illinois,17,Cook,31,17031,1.3,0,2023,2023,,,N,Solar,,,,,,,,,,,,,,0.0,0.0,0.0,0.0,,,,,,,,,,,,"Forefront Power, LLC",100.0,"Forefront Power, LLC",100.0,Non-regulated,,,,,,
Cedar Creek Solar,64543_G_1,64543,G,1,,Solar PV,,PJM_EMAC,Delaware,10,New Castle,3,10003,114.0,0,2024,2024,,,N,Solar,,,,,,,,,,,,,,0.0,0.0,0.0,0.0,,,,,,,,,,,,FPS Cedar Creek Solar LLC,100.0,FPS Cedar Creek Solar LLC,100.0,Non-regulated,,,,,,
Pigeon Run Solar Project,64767_G_TC001,64767,G,TC001,,Solar PV,,PJM_West,Virginia,51,Campbell,31,51031,60.0,0,2024,2024,,,N,Solar,,,,,,,,,,,,,,0.0,0.0,0.0,0.0,,,,,,,,,,,,"Pigeon Run Solar, LLC",100.0,"Pigeon Run Solar, LLC",100.0,Non-regulated,,,,,,
Zenith Solar,64768_G_TC001,64768,G,TC001,,Solar PV,,PJM_Dom,Virginia,51,Pittsylvania,143,51143,60.0,0,2024,2024,,,N,Solar,,,,,,,,,,,,,,0.0,0.0,0.0,0.0,,,,,,,,,,,,"Zenith Solar, LLC",100.0,"Zenith Solar, LLC",100.0,Non-regulated,,,,,,
"Bedington Energy Facility, LLC",64848_G_BEF1,64848,G,BEF1,,Solar PV,,PJM_AP,West Virginia,54,Berkeley,3,54003,50.0,0,2024,2024,,,N,Solar,,,,,,,,,,,,,,0.0,0.0,0.0,0.0,,,,,,,,,,,,"Bedington Energy Facility, LLC",100.0,"Bedington Energy Facility, LLC",100.0,Non-regulated,,,,,,
North Wales Diesel,64983_G_GEN1,64983,G,GEN1,,Combustion Turbine,IC Engine,PJM_EMAC,Pennsylvania,42,Montgomery,91,42091,1.5,9905,2010,2025,,,N,Distillate Fuel Oil,,,,,,,,,,,,,,1.64976,1.64976,1.64976,1.64976,,,,,,,,,,,,North Wales Diesel,100.0,North Wales Diesel,100.0,Non-regulated,,,,,,
North Wales Diesel,64983_G_GEN2,64983,G,GEN2,,Combustion Turbine,IC Engine,PJM_EMAC,Pennsylvania,42,Montgomery,91,42091,1.5,9905,2010,2025,,,N,Distillate Fuel Oil,,,,,,,,,,,,,,1.64976,1.64976,1.64976,1.64976,,,,,,,,,,,,North Wales Diesel,100.0,North Wales Diesel,100.0,Non-regulated,,,,,,
North Wales Diesel,64983_G_GEN3,64983,G,GEN3,,Combustion Turbine,IC Engine,PJM_EMAC,Pennsylvania,42,Montgomery,91,42091,1.5,9905,2010,2025,,,N,Distillate Fuel Oil,,,,,,,,,,,,,,1.64976,1.64976,1.64976,1.64976,,,,,,,,,,,,North Wales Diesel,100.0,North Wales Diesel,100.0,Non-regulated,,,,,,
North Wales Diesel,64983_G_GEN4,64983,G,GEN4,,Combustion Turbine,IC Engine,PJM_EMAC,Pennsylvania,42,Montgomery,91,42091,1.5,9905,2010,2025,,,N,Distillate Fuel Oil,,,,,,,,,,,,,,1.64976,1.64976,1.64976,1.64976,,,,,,,,,,,,North Wales Diesel,100.0,North Wales Diesel,100.0,Non-regulated,,,,,,
Dulles Solar and Storage,65043_G_DUST,65043,G,DUST,,Energy Storage,,PJM_Dom,Virginia,51,Loudoun,107,51107,50.0,0,2024,2024,,,N,Energy Storage,,,,,,,,,,,,,,0.0,0.0,0.0,0.0,,,,,,,,,,,,Dominion Energy Inc.,100.0,Dominion Energy Inc.,100.0,Regulated,,,,,,
Millstone Solar One,65064_G_VCP03,65064,G,VCP03,,Solar PV,,PJM_EMAC,New Jersey,34,Monmouth,25,34025,2.8,0,2023,2023,,,N,Solar,,,,,,,,,,,,,,0.0,0.0,0.0,0.0,,,,,,,,,,,,"Millstone Solar One, LLC",100.0,"Millstone Solar One, LLC",100.0,Non-regulated,,,,,,
Cottontail Solar 3,65078_G_PACT3,65078,G,PACT3,,Solar PV,,PJM_WMAC,Pennsylvania,42,Montour,93,42093,20.0,0,2024,2024,,,N,Solar,,,,,,,,,,,,,,0.0,0.0,0.0,0.0,,,,,,,,,,,,"Cottontail Solar 3, LLC",100.0,"Cottontail Solar 3, LLC",100.0,Non-regulated,,,,,,
"Deer Wood Energy, LLC",65144_G_ENX11,65144,G,ENX11,,Solar PV,,PJM_Dom,Virginia,51,Buckingham,29,51029,50.0,0,2025,2025,,,N,Solar,,,,,,,,,,,,,,0.0,0.0,0.0,0.0,,,,,,,,,,,,"Deer Wood Energy, LLC",100.0,"Deer Wood Energy, LLC",100.0,Non-regulated,,,,,,
"Deer Wood Storage, LLC",65145_G_ENX12,65145,G,ENX12,,Energy Storage,,PJM_Dom,Virginia,51,Buckingham,29,51029,30.0,0,2025,2025,,,N,Energy Storage,,,,,,,,,,,,,,0.0,0.0,0.0,0.0,,,,,,,,,,,,"Deer Wood Storage, LLC",100.0,"Deer Wood Storage, LLC",100.0,Non-regulated,,,,,,
Deptford Solar One,65147_G_VCP01,65147,G,VCP01,,Solar PV,,PJM_EMAC,New Jersey,34,Gloucester,15,34015,3.0,0,2023,2023,,,N,Solar,,,,,,,,,,,,,,0.0,0.0,0.0,0.0,,,,,,,,,,,,"Deptford Solar One, LLC",100.0,"Deptford Solar One, LLC",100.0,Non-regulated,,,,,,
Caden Energix Piney River LLC,65286_G_ENX18,65286,G,ENX18,,Solar PV,,PJM_Dom,Virginia,51,Amherst,9,51009,50.0,0,2025,2025,,,N,Solar,,,,,,,,,,,,,,0.0,0.0,0.0,0.0,,,,,,,,,,,,Caden Energix Piney River LLC,100.0,Caden Energix Piney River LLC,100.0,Non-regulated,,,,,,
Steward Creek Solar Phase 1,65301_G_SC1,65301,G,SC1,,Solar PV,,PJM_COMD,Illinois,17,Lee,103,17103,600.0,0,2024,2024,,,N,Solar,,,,,,,,,,,,,,0.0,0.0,0.0,0.0,,,,,,,,,,,,"Steward Creek Solar, LLC",100.0,"Steward Creek Solar, LLC",100.0,Non-regulated,,,,,,
Salt City Solar Project - Hybrid,65302_G_BESS,65302,G,BESS,,Energy Storage,,PJM_West,Ohio,39,Ross,141,39141,1.0,0,2024,2024,,,N,Energy Storage,,,,,,,,,,,,,,0.0,0.0,0.0,0.0,,,,,,,,,,,,Salt City Solar LLC,100.0,Salt City Solar LLC,100.0,Non-regulated,,,,,,
ENGIE Solidago Solar Project - Hybrid,65304_G_BESS,65304,G,BESS,,Energy Storage,,PJM_EMAC,Delaware,10,New Castle,3,10003,12.5,0,2024,2024,,,N,Energy Storage,,,,,,,,,,,,,,0.0,0.0,0.0,0.0,,,,,,,,,,,,ENGIE Solidago Solar LLC,100.0,ENGIE Solidago Solar LLC,100.0,Non-regulated,,,,,,
Powells Creek Solar - Hybrid,65305_G_BESS,65305,G,BESS,,Energy Storage,,PJM_Dom,Virginia,51,Halifax,83,51083,1.0,0,2024,2024,,,N,Energy Storage,,,,,,,,,,,,,,0.0,0.0,0.0,0.0,,,,,,,,,,,,"Powells Creek Farm Solar, LLC",100.0,"Powells Creek Farm Solar, LLC",100.0,Non-regulated,,,,,,
Sunnybrook Solar Project - Hybrid,65307_G_SUNB,65307,G,SUNB,,Energy Storage,,PJM_Dom,Virginia,51,Halifax,83,51083,1.0,0,2024,2024,,,N,Energy Storage,,,,,,,,,,,,,,0.0,0.0,0.0,0.0,,,,,,,,,,,,"Sunnybrook Farm Solar, LLC",100.0,"Sunnybrook Farm Solar, LLC",100.0,Non-regulated,,,,,,
Shenvalee Solar,65312_G_SV,65312,G,SV,,Solar PV,,PJM_Dom,Virginia,51,Augusta,15,51015,3.0,0,2025,2025,,,N,Solar,,,,,,,,,,,,,,0.0,0.0,0.0,0.0,,,,,,,,,,,,"Shenvalee Solar, LLC",100.0,"Shenvalee Solar, LLC",100.0,Non-regulated,,,,,,
Elm Spring Solar 1,65313_G_ES,65313,G,ES,,Solar PV,,PJM_Dom,Virginia,51,Augusta,15,51015,3.0,0,2023,2023,,,N,Solar,,,,,,,,,,,,,,0.0,0.0,0.0,0.0,,,,,,,,,,,,"Elm Spring Solar 1, LLC",100.0,"Elm Spring Solar 1, LLC",100.0,Non-regulated,,,,,,
Klees Mill CSG,65356_G_KLEES,65356,G,KLEES,,Solar PV,,PJM_SMAC,Maryland,24,Carroll,13,24013,2.8,0,2023,2023,,,N,Solar,,,,,,,,,,,,,,0.0,0.0,0.0,0.0,,,,,,,,,,,,Standard Solar,100.0,Standard Solar,100.0,Non-regulated,,,,,,
Skipjack Wind Farm Phase 2,65388_G_SJW02,65388,G,SJW02,,Offshore Wind,,PJM_EMAC,Maryland,24,Worcester,47,24047,846.0,0,2026,2026,,,N,Wind,,,,,,,,,,,,,,0.0,0.0,0.0,0.0,,,,,,,,,,,,"Skipjack Offshore Energy, LLC",100.0,"Skipjack Offshore Energy, LLC",100.0,Non-regulated,,,,,,
Kingwood Solar,65425_G_KWOOD,65425,G,KWOOD,,Solar PV,,PJM_West,Ohio,39,Greene,57,39057,175.0,0,2024,2024,,,N,Solar,,,,,,,,,,,,,,0.0,0.0,0.0,0.0,,,,,,,,,,,,Vesper Energy Development LLC,100.0,Vesper Energy Development LLC,100.0,Non-regulated,,,,,,
Axton Solar,65462_G_AXTON,65462,G,AXTON,,Solar PV,,PJM_West,Virginia,51,Henry,89,51089,200.0,0,2024,2024,,,N,Solar,,,,,,,,,,,,,,0.0,0.0,0.0,0.0,,,,,,,,,,,,Vesper Energy Development LLC,100.0,Vesper Energy Development LLC,100.0,Non-regulated,,,,,,
Rose Gold Solar,65471_G_RGS01,65471,G,RGS01,,Solar PV,,PJM_West,Indiana,18,Jay,75,18075,150.0,0,2024,2024,,,N,Solar,,,,,,,,,,,,,,0.0,0.0,0.0,0.0,,,,,,,,,,,,"Leeward Asset Management, LLC",100.0,"Leeward Asset Management, LLC",100.0,Non-regulated,,,,,,
Rose Gold Solar,65471_G_RGS23,65471,G,RGS23,,Solar PV,,PJM_West,Indiana,18,Jay,75,18075,100.0,0,2027,2027,,,N,Solar,,,,,,,,,,,,,,0.0,0.0,0.0,0.0,,,,,,,,,,,,"Leeward Asset Management, LLC",100.0,"Leeward Asset Management, LLC",100.0,Non-regulated,,,,,,
Hecate Energy Pulaski 1,65665_G_HEPU1,65665,G,HEPU1,,Solar PV,,PJM_West,Virginia,51,Pulaski,155,51155,150.0,0,2024,2024,,,N,Solar,,,,,,,,,,,,,,0.0,0.0,0.0,0.0,,,,,,,,,,,,AES Clean Energy,100.0,AES Clean Energy,100.0,Non-regulated,,,,,,
"Springwater Solar, LLC",65900_G_SPRIN,65900,G,SPRIN,,Solar PV,,PJM_ATSI,Ohio,39,Madison,97,39097,155.0,0,2024,2024,,,N,Solar,,,,,,,,,,,,,,0.0,0.0,0.0,0.0,,,,,,,,,,,,"Springwater Solar, LLC",100.0,"Springwater Solar, LLC",100.0,Non-regulated,,,,,,
White Trillium Solar,65904_G_OHWT1,65904,G,OHWT1,,Solar PV,,PJM_West,Ohio,39,Van Wert,161,39161,49.5,0,2024,2024,,,N,Solar,,,,,,,,,,,,,,0.0,0.0,0.0,0.0,,,,,,,,,,,,"White Trillium Solar, LLC",100.0,"White Trillium Solar, LLC",100.0,Non-regulated,,,,,,
Redbud Run Solar,65930_G_10,65930,G,10,,Solar PV,,PJM_AP,Virginia,51,Frederick,69,51069,30.0,0,2024,2024,,,N,Solar,,,,,,,,,,,,,,0.0,0.0,0.0,0.0,,,,,,,,,,,,Dominion Renewable Energy,100.0,Dominion Renewable Energy,100.0,Regulated,,,,,,
Birch Solar,66054_G_OHBI1,66054,G,OHBI1,,Solar PV,,PJM_West,Ohio,39,Allen,3,39003,300.0,0,2024,2024,,,N,Solar,,,,,,,,,,,,,,0.0,0.0,0.0,0.0,,,,,,,,,,,,"Birch Solar 1, LLC",100.0,"Birch Solar 1, LLC",100.0,Non-regulated,,,,,,
Cottontail Solar 7,66060_G_PACS7,66060,G,PACS7,,Solar PV,,PJM_WMAC,Pennsylvania,42,Columbia,37,42037,21.1,0,2024,2024,,,N,Solar,,,,,,,,,,,,,,0.0,0.0,0.0,0.0,,,,,,,,,,,,"Cottontail Solar 7, LLC",100.0,"Cottontail Solar 7, LLC",100.0,Non-regulated,,,,,,
"Switchgrass Solar, LLC",66124_G_SSPV,66124,G,SSPV,,Solar PV,,PJM_Dom,Virginia,51,Suffolk City,800,51800,70.0,0,2023,2023,,,N,Solar,,,,,,,,,,,,,,0.0,0.0,0.0,0.0,,,,,,,,,,,,Consolidated Edison Development Inc.,100.0,Consolidated Edison Development Inc.,100.0,Non-regulated,,,,,,
Cottontail Solar 9,66130_G_PACT9,66130,G,PACT9,,Solar PV,,PJM_WMAC,Pennsylvania,42,Columbia,37,42037,20.0,0,2024,2024,,,N,Solar,,,,,,,,,,,,,,0.0,0.0,0.0,0.0,,,,,,,,,,,,"Cottontail Solar 9, LLC",100.0,"Cottontail Solar 9, LLC",100.0,Non-regulated,,,,,,
Snowdrop Solar,66139_G_PASD1,66139,G,PASD1,,Solar PV,,PJM_ATSI,Pennsylvania,42,Crawford,39,42039,20.0,0,2024,2024,,,N,Solar,,,,,,,,,,,,,,0.0,0.0,0.0,0.0,,,,,,,,,,,,"Snowdrop Solar, LLC",100.0,"Snowdrop Solar, LLC",100.0,Non-regulated,,,,,,
Sycamore Trail Solar,66196_G_PAST1,66196,G,PAST1,,Solar PV,,PJM_ATSI,Pennsylvania,42,Crawford,39,42039,20.0,0,2025,2025,,,N,Solar,,,,,,,,,,,,,,0.0,0.0,0.0,0.0,,,,,,,,,,,,"Sycamore Trail Solar, LLC",100.0,"Sycamore Trail Solar, LLC",100.0,Non-regulated,,,,,,
West Station (NJ),6776_G_1,6776,G,1,2909.0,Combustion Turbine,,PJM_EMAC,New Jersey,34,Cumberland,11,34011,22.9,16148,1972,2022,,,N,Distillate Fuel Oil,,,,H2O,SCR,,,,,,,,2.1,0.51545,0.17371,0.51545,0.17371,,,,,,,,,,,,City of Vineland - (NJ),100.0,City of Vineland - (NJ),100.0,Regulated,,,,,,
1515 S Caron Road,7770_G_GT1,7770,G,GT1,,Combustion Turbine,,PJM_COMD,Illinois,17,Ogle,141,17141,3.0,11112,2000,2022,,,N,Natural Gas,,,,,,,,,,,,,1.0,0.16383,0.16383,0.16383,0.16383,,,,,,,,,,,,Rochelle Municipal Utilities,100.0,Rochelle Municipal Utilities,100.0,Regulated,,,,,,
Arcanum Peaking,7781_G_1,7781,G,1,,Combustion Turbine,IC Engine,PJM_West,Ohio,39,Darke,37,39037,1.8,10745,1999,2022,,,N,Distillate Fuel Oil,,,,,,,,,,,,,0.5,3.09285,3.09285,3.09285,3.09285,,,,,,,,,,,,"American Mun Power-Ohio, Inc",100.0,"American Mun Power-Ohio, Inc",100.0,Regulated,,,,,,
Morgantown Energy Facility,10743_G_GEN1,10743,G,GEN1,,Coal Steam,,PJM_AP,West Virginia,54,Monongalia,61,54061,0.0,10092,1991,9999,FBC,dry,Y,"Bituminous, Waste Coal",Reagent Injection,1992.0,0.946,CF,SNCR,,2016.0,B,,,,,0.4,0.34945,0.17472,0.34945,0.17472,0.01,0.01,0.01,0.98,Yes,1992.0,,,,,,Morgantown Energy Associates,100.0,Morgantown Energy Associates,100.0,Non-regulated,,,,,,
